2025-10-19 14:50:46.877,0.007,"1.540,2.230,3970"
2025-10-19 14:50:46.931,0.061,Mode: REST
2025-10-19 14:50:46.984,0.114,"2.690,2.690,4170"
2025-10-19 14:50:47.039,0.168,"2.690,2.230,4370"
2025-10-19 14:50:47.093,0.222,"2.230,1.080,4570"
2025-10-19 14:50:47.145,0.275,"2.690,2.690,4770"
2025-10-19 14:50:47.198,0.327,"1.540,2.230,4970"
2025-10-19 14:50:47.250,0.38,Mode: REST
2025-10-19 14:50:47.305,0.434,"2.230,1.540,5170"
2025-10-19 14:50:47.357,0.486,"2.230,2.230,5370"
2025-10-19 14:50:47.410,0.539,"2.230,1.540,5570"
2025-10-19 14:50:47.464,0.593,"3.380,0.390,5770"
2025-10-19 14:50:47.519,0.648,"2.230,2.230,5970"
2025-10-19 14:50:47.572,0.701,Mode: REST
2025-10-19 14:50:47.624,0.753,"1.080,2.690,6170"
2025-10-19 14:50:47.676,0.805,"1.080,1.540,6370"
2025-10-19 14:50:47.730,0.859,"2.690,2.690,6570"
2025-10-19 14:50:47.784,0.914,"1.540,2.690,6770"
2025-10-19 14:50:47.838,0.967,"2.690,2.690,6970"
2025-10-19 14:50:47.890,1.019,Mode: REST
2025-10-19 14:50:47.941,1.071,"2.690,2.690,7170"
2025-10-19 14:50:47.993,1.122,"2.690,2.230,7370"
2025-10-19 14:50:48.045,1.174,"2.690,1.540,7570"
2025-10-19 14:50:48.097,1.226,"1.080,1.080,7770"
2025-10-19 14:50:48.150,1.28,"3.380,1.540,7970"
2025-10-19 14:50:48.206,1.335,Mode: REST
2025-10-19 14:50:48.260,1.389,"2.230,1.080,8170"
2025-10-19 14:50:48.313,1.443,"1.080,1.080,8370"
2025-10-19 14:50:48.367,1.497,"1.080,1.080,8570"
2025-10-19 14:50:48.423,1.553,"1.540,1.080,8770"
2025-10-19 14:50:48.477,1.607,"3.380,2.690,8970"
2025-10-19 14:50:48.530,1.66,Mode: REST
2025-10-19 14:50:48.583,1.712,"1.540,2.230,9170"
2025-10-19 14:50:48.637,1.767,"2.690,2.690,9370"
2025-10-19 14:50:48.692,1.821,"2.230,2.690,9570"
2025-10-19 14:50:48.745,1.875,"1.540,2.690,9770"
2025-10-19 14:50:48.799,1.928,"1.080,1.540,9970"
2025-10-19 14:50:48.852,1.981,Mode: REST
2025-10-19 14:50:48.905,2.035,"1.540,2.230,10170"
2025-10-19 14:50:48.958,2.087,"2.230,2.690,10370"
2025-10-19 14:50:49.010,2.139,"2.230,1.080,10570"
2025-10-19 14:50:49.061,2.191,"2.230,1.080,10770"
2025-10-19 14:50:49.114,2.243,"1.080,2.690,10970"
2025-10-19 14:50:49.166,2.296,Mode: REST
2025-10-19 14:50:49.221,2.35,"2.230,2.230,11170"
2025-10-19 14:50:49.346,2.475,"1.080,2.690,11370"
2025-10-19 14:50:49.515,2.645,<no data>
2025-10-19 14:50:49.568,2.698,"2.690,2.690,11570"
2025-10-19 14:50:49.733,2.863,<no data>
2025-10-19 14:50:49.788,2.917,"0.390,2.690,11770"
2025-10-19 14:50:49.945,3.074,"1.080,2.230,11970"
2025-10-19 14:50:49.997,3.126,Mode: REST
2025-10-19 14:50:50.146,3.275,"0.390,0.390,12170"
2025-10-19 14:50:50.313,3.443,<no data>
2025-10-19 14:50:50.365,3.494,"2.230,1.540,12370"
2025-10-19 14:50:50.531,3.66,<no data>
2025-10-19 14:50:50.582,3.712,"1.540,1.080,12570"
2025-10-19 14:50:50.745,3.874,"3.380,3.380,12770"
2025-10-19 14:50:50.913,4.042,<no data>
2025-10-19 14:50:50.964,4.094,"1.080,2.230,12970"
2025-10-19 14:50:51.015,4.145,Mode: REST
2025-10-19 14:50:51.145,4.274,"2.690,1.080,13170"
2025-10-19 14:50:51.298,4.427,<no data>
2025-10-19 14:50:51.349,4.478,"2.690,2.690,13370"
2025-10-19 14:50:51.513,4.643,<no data>
2025-10-19 14:50:51.565,4.694,"0.390,1.080,13570"
2025-10-19 14:50:51.730,4.86,<no data>
2025-10-19 14:50:51.782,4.912,"2.230,2.230,13770"
2025-10-19 14:50:51.945,5.075,"2.690,2.230,13970"
2025-10-19 14:50:51.998,5.128,Mode: REST
2025-10-19 14:50:52.145,5.275,"2.690,1.540,14170"
2025-10-19 14:50:52.301,5.43,<no data>
2025-10-19 14:50:52.354,5.484,"2.230,1.540,14370"
2025-10-19 14:50:52.515,5.644,<no data>
2025-10-19 14:50:52.568,5.698,"3.840,3.380,14570"
2025-10-19 14:50:52.733,5.862,<no data>
2025-10-19 14:50:52.784,5.914,"0.390,2.230,14770"
2025-10-19 14:50:52.945,6.075,"2.690,2.230,14970"
2025-10-19 14:50:52.997,6.127,Mode: REST
2025-10-19 14:50:53.146,6.275,"2.690,1.080,15170"
2025-10-19 14:50:53.300,6.43,<no data>
2025-10-19 14:50:53.353,6.483,"3.380,2.690,15370"
2025-10-19 14:50:53.515,6.644,<no data>
2025-10-19 14:50:53.568,6.697,"3.380,2.690,15570"
2025-10-19 14:50:53.733,6.863,<no data>
2025-10-19 14:50:53.788,6.917,"2.230,1.080,15770"
2025-10-19 14:50:53.946,7.076,"1.540,1.540,15970"
2025-10-19 14:50:53.999,7.129,Mode: REST
2025-10-19 14:50:54.145,7.275,"2.230,1.540,16170"
2025-10-19 14:50:54.300,7.429,<no data>
2025-10-19 14:50:54.353,7.482,"2.690,1.540,16370"
2025-10-19 14:50:54.515,7.644,<no data>
2025-10-19 14:50:54.567,7.696,"1.080,1.080,16570"
2025-10-19 14:50:54.729,7.859,<no data>
2025-10-19 14:50:54.781,7.91,"1.540,0.390,16770"
2025-10-19 14:50:54.945,8.074,"2.690,1.540,16970"
2025-10-19 14:50:54.996,8.126,Mode: REST
2025-10-19 14:50:55.145,8.274,"3.840,3.840,17170"
2025-10-19 14:50:55.299,8.428,<no data>
2025-10-19 14:50:55.351,8.48,"1.540,1.540,17370"
2025-10-19 14:50:55.514,8.643,<no data>
2025-10-19 14:50:55.565,8.695,"1.540,1.540,17570"
2025-10-19 14:50:55.730,8.859,<no data>
2025-10-19 14:50:55.782,8.911,"2.230,2.230,17770"
2025-10-19 14:50:55.945,9.075,"0.390,1.540,17970"
2025-10-19 14:50:55.998,9.127,Mode: REST
2025-10-19 14:50:56.076,9.205,Launch Time: -10 s
2025-10-19 14:50:56.132,9.261,Mode: FIRE
2025-10-19 14:50:56.183,9.312,"2.690,1.540,18170"
2025-10-19 14:50:56.345,9.475,"2.690,2.690,18370"
2025-10-19 14:50:56.500,9.63,<no data>
2025-10-19 14:50:56.554,9.683,"2.690,1.080,18570"
2025-10-19 14:50:56.716,9.845,<no data>
2025-10-19 14:50:56.769,9.898,"2.230,1.080,18770"
2025-10-19 14:50:56.923,10.052,<no data>
2025-10-19 14:50:56.974,10.103,"1.540,2.230,18970"
2025-10-19 14:50:57.068,10.197,Mode: FILL
2025-10-19 14:50:57.120,10.249,Fill Time: 1 s
2025-10-19 14:50:57.172,10.301,"2.230,2.230,19170"
2025-10-19 14:50:57.333,10.462,<no data>
2025-10-19 14:50:57.385,10.514,"2.690,2.690,19370"
2025-10-19 14:50:57.543,10.672,<no data>
2025-10-19 14:50:57.595,10.725,"2.230,1.540,19570"
2025-10-19 14:50:57.745,10.874,"2.230,1.540,19770"
2025-10-19 14:50:57.901,11.03,<no data>
2025-10-19 14:50:57.954,11.084,"2.690,2.230,19970"
2025-10-19 14:50:58.068,11.197,Mode: FILL
2025-10-19 14:50:58.120,11.249,Fill Time: 2 s
2025-10-19 14:50:58.172,11.302,"2.690,2.690,20170"
2025-10-19 14:50:58.331,11.46,<no data>
2025-10-19 14:50:58.384,11.513,"2.690,2.690,20370"
2025-10-19 14:50:58.536,11.666,<no data>
2025-10-19 14:50:58.589,11.718,"2.690,2.230,20570"
2025-10-19 14:50:58.746,11.875,"2.230,2.690,20770"
2025-10-19 14:50:58.900,12.03,<no data>
2025-10-19 14:50:58.953,12.083,"2.690,2.690,20970"
2025-10-19 14:50:59.067,12.197,Mode: FILL
2025-10-19 14:50:59.120,12.249,Fill Time: 3 s
2025-10-19 14:50:59.172,12.302,"2.230,2.690,21170"
2025-10-19 14:50:59.332,12.461,<no data>
2025-10-19 14:50:59.386,12.516,"1.540,0.390,21370"
2025-10-19 14:50:59.546,12.676,"3.380,3.380,21570"
2025-10-19 14:50:59.703,12.832,<no data>
2025-10-19 14:50:59.756,12.885,"2.230,2.690,21770"
2025-10-19 14:50:59.910,13.039,<no data>
2025-10-19 14:50:59.962,13.091,"1.080,2.690,21970"
2025-10-19 14:51:00.068,13.197,Mode: FILL
2025-10-19 14:51:00.123,13.253,Fill Time: 4 s
2025-10-19 14:51:00.176,13.306,"3.840,2.230,22170"
2025-10-19 14:51:00.331,13.461,<no data>
2025-10-19 14:51:00.385,13.514,"1.540,2.230,22370"
2025-10-19 14:51:00.546,13.675,"1.080,1.080,22570"
2025-10-19 14:51:00.700,13.829,<no data>
2025-10-19 14:51:00.752,13.882,"1.540,2.230,22770"
2025-10-19 14:51:00.915,14.045,<no data>
2025-10-19 14:51:00.969,14.098,"1.080,2.230,22970"
2025-10-19 14:51:01.068,14.197,Mode: FILL
2025-10-19 14:51:01.120,14.249,Fill Time: 5 s
2025-10-19 14:51:01.171,14.3,"1.080,2.230,23170"
2025-10-19 14:51:01.333,14.462,<no data>
2025-10-19 14:51:01.387,14.516,"2.230,2.230,23370"
2025-10-19 14:51:01.546,14.676,"2.230,2.230,23570"
2025-10-19 14:51:01.716,14.846,<no data>
2025-10-19 14:51:01.770,14.9,"2.690,2.230,23770"
2025-10-19 14:51:01.934,15.063,<no data>
2025-10-19 14:51:01.987,15.116,"2.690,1.540,23970"
2025-10-19 14:51:02.068,15.197,Mode: FILL
2025-10-19 14:51:02.121,15.251,Fill Time: 6 s
2025-10-19 14:51:02.175,15.304,"1.080,1.080,24170"
2025-10-19 14:51:02.332,15.462,<no data>
2025-10-19 14:51:02.386,15.516,"2.690,1.540,24370"
2025-10-19 14:51:02.546,15.676,"1.540,2.230,24570"
2025-10-19 14:51:02.715,15.845,<no data>
2025-10-19 14:51:02.769,15.898,"1.540,1.540,24770"
2025-10-19 14:51:02.932,16.062,<no data>
2025-10-19 14:51:02.986,16.115,"2.690,2.690,24970"
2025-10-19 14:51:03.068,16.197,Mode: FILL
2025-10-19 14:51:03.120,16.25,Fill Time: 7 s
2025-10-19 14:51:03.172,16.301,"1.540,1.540,25170"
2025-10-19 14:51:03.333,16.463,<no data>
2025-10-19 14:51:03.387,16.516,"2.690,2.230,25370"
2025-10-19 14:51:03.546,16.676,"1.540,0.390,25570"
2025-10-19 14:51:03.700,16.83,<no data>
2025-10-19 14:51:03.754,16.884,"3.380,3.380,25770"
2025-10-19 14:51:03.916,17.046,<no data>
2025-10-19 14:51:03.972,17.102,"1.540,1.540,25970"
2025-10-19 14:51:04.068,17.198,Mode: FILL
2025-10-19 14:51:04.122,17.251,Fill Time: 8 s
2025-10-19 14:51:04.175,17.305,"1.540,1.080,26170"
2025-10-19 14:51:04.333,17.462,<no data>
2025-10-19 14:51:04.386,17.516,"1.540,1.540,26370"
2025-10-19 14:51:04.546,17.676,"1.540,1.080,26570"
2025-10-19 14:51:04.715,17.845,<no data>
2025-10-19 14:51:04.768,17.897,"1.080,1.080,26770"
2025-10-19 14:51:04.930,18.06,<no data>
2025-10-19 14:51:04.982,18.112,"2.690,1.080,26970"
2025-10-19 14:51:05.067,18.197,Mode: FILL
2025-10-19 14:51:05.119,18.249,Fill Time: 9 s
2025-10-19 14:51:05.171,18.3,"2.230,2.690,27170"
2025-10-19 14:51:05.332,18.461,<no data>
2025-10-19 14:51:05.385,18.515,"3.380,3.380,27370"
2025-10-19 14:51:05.546,18.676,"2.230,1.540,27570"
2025-10-19 14:51:05.715,18.844,<no data>
2025-10-19 14:51:05.769,18.899,"2.690,2.230,27770"
2025-10-19 14:51:05.932,19.062,<no data>
2025-10-19 14:51:05.986,19.115,"1.080,1.080,27970"
2025-10-19 14:51:06.069,19.198,Mode: FILL
2025-10-19 14:51:06.123,19.252,Fill Time: 10 s
2025-10-19 14:51:06.175,19.305,"3.380,2.230,28170"
2025-10-19 14:51:06.331,19.461,<no data>
2025-10-19 14:51:06.384,19.514,"1.080,1.540,28370"
2025-10-19 14:51:06.546,19.676,"2.690,2.690,28570"
2025-10-19 14:51:06.714,19.844,<no data>
2025-10-19 14:51:06.767,19.896,"2.230,2.230,28770"
2025-10-19 14:51:06.931,20.061,<no data>
2025-10-19 14:51:06.984,20.114,"2.230,1.080,28970"
2025-10-19 14:51:07.068,20.197,Mode: FILL
2025-10-19 14:51:07.120,20.25,Fill Time: 11 s
2025-10-19 14:51:07.175,20.305,"0.390,0.390,29170"
2025-10-19 14:51:07.331,20.461,<no data>
2025-10-19 14:51:07.384,20.513,"3.840,2.230,29370"
2025-10-19 14:51:07.545,20.675,"1.540,2.230,29570"
2025-10-19 14:51:07.699,20.829,<no data>
2025-10-19 14:51:07.752,20.882,"1.540,1.080,29770"
2025-10-19 14:51:07.915,21.045,<no data>
2025-10-19 14:51:07.968,21.098,"2.230,0.390,29970"
2025-10-19 14:51:08.068,21.198,Mode: FILL
2025-10-19 14:51:08.121,21.251,Fill Time: 12 s
2025-10-19 14:51:08.174,21.303,"2.690,2.690,30170"
2025-10-19 14:51:08.331,21.461,<no data>
2025-10-19 14:51:08.384,21.514,"2.230,1.540,30370"
2025-10-19 14:51:08.545,21.675,"2.230,2.230,30570"
2025-10-19 14:51:08.714,21.843,<no data>
2025-10-19 14:51:08.766,21.895,"2.230,1.540,30770"
2025-10-19 14:51:08.932,22.062,<no data>
2025-10-19 14:51:08.985,22.115,"2.690,0.390,30970"
2025-10-19 14:51:09.069,22.198,Mode: FILL
2025-10-19 14:51:09.122,22.251,Fill Time: 13 s
2025-10-19 14:51:09.174,22.304,"2.230,2.230,31170"
2025-10-19 14:51:09.331,22.461,<no data>
2025-10-19 14:51:09.383,22.513,"1.540,2.690,31370"
2025-10-19 14:51:09.545,22.674,"2.230,1.540,31570"
2025-10-19 14:51:09.700,22.829,<no data>
2025-10-19 14:51:09.752,22.882,"3.380,3.380,31770"
2025-10-19 14:51:09.917,23.046,<no data>
2025-10-19 14:51:09.969,23.099,"0.390,1.080,31970"
2025-10-19 14:51:10.068,23.198,Mode: FILL
2025-10-19 14:51:10.121,23.251,Fill Time: 14 s
2025-10-19 14:51:10.173,23.302,"1.080,3.380,32170"
2025-10-19 14:51:10.328,23.457,<no data>
2025-10-19 14:51:10.379,23.509,"0.390,1.080,32370"
2025-10-19 14:51:10.533,23.662,<no data>
2025-10-19 14:51:10.585,23.714,"2.230,2.690,32570"
2025-10-19 14:51:10.745,23.875,"1.540,2.230,32770"
2025-10-19 14:51:10.899,24.028,<no data>
2025-10-19 14:51:10.951,24.081,"2.690,2.690,32970"
2025-10-19 14:51:11.069,24.198,Mode: FILL
2025-10-19 14:51:11.123,24.252,Fill Time: 15 s
2025-10-19 14:51:11.176,24.306,"1.540,2.690,33170"
2025-10-19 14:51:11.333,24.463,<no data>
2025-10-19 14:51:11.385,24.515,"1.540,1.540,33370"
2025-10-19 14:51:11.546,24.675,"1.080,1.540,33570"
2025-10-19 14:51:11.701,24.83,<no data>
2025-10-19 14:51:11.755,24.885,"2.230,2.230,33770"
2025-10-19 14:51:11.915,25.045,<no data>
2025-10-19 14:51:11.969,25.099,"2.690,2.690,33970"
2025-10-19 14:51:12.067,25.197,Mode: FILL
2025-10-19 14:51:12.120,25.249,Fill Time: 16 s
2025-10-19 14:51:12.174,25.303,"1.540,1.540,34170"
2025-10-19 14:51:12.327,25.456,<no data>
2025-10-19 14:51:12.379,25.508,"1.540,1.540,34370"
2025-10-19 14:51:12.537,25.667,<no data>
2025-10-19 14:51:12.590,25.719,"1.540,2.230,34570"
2025-10-19 14:51:12.746,25.876,"1.080,3.380,34770"
2025-10-19 14:51:12.916,26.045,<no data>
2025-10-19 14:51:12.969,26.098,"2.230,2.230,34970"
2025-10-19 14:51:13.068,26.198,Mode: FILL
2025-10-19 14:51:13.123,26.252,Fill Time: 17 s
2025-10-19 14:51:13.175,26.304,"1.540,2.230,35170"
2025-10-19 14:51:13.330,26.46,<no data>
2025-10-19 14:51:13.385,26.514,"2.230,2.690,35370"
2025-10-19 14:51:13.541,26.671,<no data>
2025-10-19 14:51:13.593,26.723,"2.690,1.540,35570"
2025-10-19 14:51:13.745,26.874,"2.690,0.390,35770"
2025-10-19 14:51:13.902,27.031,<no data>
2025-10-19 14:51:13.955,27.084,"2.230,1.540,35970"
2025-10-19 14:51:14.068,27.197,Mode: FILL
2025-10-19 14:51:14.119,27.249,Fill Time: 18 s
2025-10-19 14:51:14.171,27.3,"2.690,2.230,36170"
2025-10-19 14:51:14.328,27.457,<no data>
2025-10-19 14:51:14.381,27.51,"0.390,2.230,36370"
2025-10-19 14:51:14.534,27.664,<no data>
2025-10-19 14:51:14.587,27.716,"1.540,2.690,36570"
2025-10-19 14:51:14.739,27.868,<no data>
2025-10-19 14:51:14.792,27.922,"1.540,1.540,36770"
2025-10-19 14:51:14.945,28.074,"2.690,2.690,36970"
2025-10-19 14:51:15.068,28.197,Mode: FILL
2025-10-19 14:51:15.121,28.25,Fill Time: 19 s
2025-10-19 14:51:15.174,28.304,"2.230,1.540,37170"
2025-10-19 14:51:15.327,28.456,<no data>
2025-10-19 14:51:15.380,28.51,"3.840,2.690,37370"
2025-10-19 14:51:15.545,28.674,"1.540,1.540,37570"
2025-10-19 14:51:15.699,28.829,<no data>
2025-10-19 14:51:15.755,28.884,"2.230,2.690,37770"
2025-10-19 14:51:15.909,29.038,<no data>
2025-10-19 14:51:15.961,29.091,"1.540,2.690,37970"
2025-10-19 14:51:16.067,29.197,Mode: FILL
2025-10-19 14:51:16.120,29.25,Fill Time: 20 s
2025-10-19 14:51:16.175,29.304,"2.230,2.230,38170"
2025-10-19 14:51:16.332,29.462,<no data>
2025-10-19 14:51:16.384,29.513,"4.530,2.230,38370"
2025-10-19 14:51:16.547,29.677,"2.230,1.080,38570"
2025-10-19 14:51:16.713,29.842,<no data>
2025-10-19 14:51:16.765,29.895,"1.540,2.230,38770"
2025-10-19 14:51:16.919,30.048,<no data>
2025-10-19 14:51:16.970,30.1,"3.380,2.690,38970"
2025-10-19 14:51:17.067,30.197,Mode: FILL
2025-10-19 14:51:17.119,30.249,Fill Time: 21 s
2025-10-19 14:51:17.173,30.302,"1.540,2.230,39170"
2025-10-19 14:51:17.333,30.462,<no data>
2025-10-19 14:51:17.388,30.517,"3.380,3.380,39370"
2025-10-19 14:51:17.545,30.674,"2.230,2.230,39570"
2025-10-19 14:51:17.701,30.831,<no data>
2025-10-19 14:51:17.755,30.884,"1.080,2.230,39770"
2025-10-19 14:51:17.915,31.044,<no data>
2025-10-19 14:51:17.968,31.098,"1.080,2.230,39970"
2025-10-19 14:51:18.067,31.196,Mode: FILL
2025-10-19 14:51:18.123,31.252,Fill Time: 22 s
2025-10-19 14:51:18.175,31.304,"2.690,2.690,40170"
2025-10-19 14:51:18.346,31.476,"1.080,2.690,40370"
2025-10-19 14:51:18.516,31.645,<no data>
2025-10-19 14:51:18.570,31.7,"1.540,1.540,40570"
2025-10-19 14:51:18.733,31.862,<no data>
2025-10-19 14:51:18.787,31.917,"1.540,1.540,40770"
2025-10-19 14:51:18.945,32.074,"1.540,2.690,40970"
2025-10-19 14:51:19.068,32.197,Mode: FILL
2025-10-19 14:51:19.119,32.249,Fill Time: 23 s
2025-10-19 14:51:19.171,32.3,"1.080,3.380,41170"
2025-10-19 14:51:19.333,32.462,<no data>
2025-10-19 14:51:19.385,32.514,"1.540,1.540,41370"
2025-10-19 14:51:19.545,32.674,"2.690,1.540,41570"
2025-10-19 14:51:19.699,32.828,<no data>
2025-10-19 14:51:19.752,32.881,"3.380,2.230,41770"
2025-10-19 14:51:19.913,33.042,<no data>
2025-10-19 14:51:19.965,33.094,"3.380,0.390,41970"
2025-10-19 14:51:20.067,33.196,Mode: FILL
2025-10-19 14:51:20.119,33.248,Fill Time: 24 s
2025-10-19 14:51:20.171,33.3,"2.690,2.230,42170"
2025-10-19 14:51:20.332,33.461,<no data>
2025-10-19 14:51:20.384,33.513,"1.080,1.540,42370"
2025-10-19 14:51:20.545,33.674,"1.080,2.230,42570"
2025-10-19 14:51:20.698,33.827,<no data>
2025-10-19 14:51:20.751,33.88,"2.230,2.230,42770"
2025-10-19 14:51:20.915,34.044,<no data>
2025-10-19 14:51:20.968,34.097,"3.380,1.540,42970"
2025-10-19 14:51:21.067,34.196,Mode: FILL
2025-10-19 14:51:21.119,34.249,Fill Time: 25 s
2025-10-19 14:51:21.172,34.301,"1.540,2.230,43170"
2025-10-19 14:51:21.332,34.461,<no data>
2025-10-19 14:51:21.385,34.515,"0.390,0.390,43370"
2025-10-19 14:51:21.545,34.674,"1.540,2.230,43570"
2025-10-19 14:51:21.699,34.829,<no data>
2025-10-19 14:51:21.753,34.882,"1.540,2.690,43770"
2025-10-19 14:51:21.916,35.046,<no data>
2025-10-19 14:51:21.970,35.1,"1.540,1.540,43970"
2025-10-19 14:51:22.067,35.197,Mode: FILL
2025-10-19 14:51:22.119,35.248,Fill Time: 26 s
2025-10-19 14:51:22.172,35.301,"2.230,0.390,44170"
2025-10-19 14:51:22.331,35.46,<no data>
2025-10-19 14:51:22.383,35.512,"2.230,1.540,44370"
2025-10-19 14:51:22.545,35.674,"3.380,1.080,44570"
2025-10-19 14:51:22.698,35.828,<no data>
2025-10-19 14:51:22.751,35.881,"3.380,1.540,44770"
2025-10-19 14:51:22.916,36.045,<no data>
2025-10-19 14:51:22.970,36.1,"1.080,2.230,44970"
2025-10-19 14:51:23.067,36.196,Mode: FILL
2025-10-19 14:51:23.119,36.249,Fill Time: 27 s
2025-10-19 14:51:23.172,36.301,"3.380,1.080,45170"
2025-10-19 14:51:23.332,36.461,<no data>
2025-10-19 14:51:23.387,36.516,"1.540,1.540,45370"
2025-10-19 14:51:23.541,36.671,<no data>
2025-10-19 14:51:23.594,36.723,"1.080,-0.070,45570"
2025-10-19 14:51:23.745,36.875,"1.080,1.080,45770"
2025-10-19 14:51:23.901,37.03,<no data>
2025-10-19 14:51:23.953,37.083,"2.690,2.690,45970"
2025-10-19 14:51:24.067,37.196,Mode: FILL
2025-10-19 14:51:24.119,37.248,Fill Time: 28 s
2025-10-19 14:51:24.170,37.3,"1.540,3.380,46170"
2025-10-19 14:51:24.334,37.463,<no data>
2025-10-19 14:51:24.388,37.517,"2.690,2.230,46370"
2025-10-19 14:51:24.545,37.674,"1.540,1.540,46570"
2025-10-19 14:51:24.699,37.829,<no data>
2025-10-19 14:51:24.752,37.882,"2.230,2.690,46770"
2025-10-19 14:51:24.915,38.044,<no data>
2025-10-19 14:51:24.967,38.096,"0.390,2.690,46970"
2025-10-19 14:51:25.067,38.196,Mode: FILL
2025-10-19 14:51:25.119,38.248,Fill Time: 29 s
2025-10-19 14:51:25.174,38.303,"2.230,1.080,47170"
2025-10-19 14:51:25.329,38.458,<no data>
2025-10-19 14:51:25.380,38.509,"1.540,1.540,47370"
2025-10-19 14:51:25.538,38.667,<no data>
2025-10-19 14:51:25.589,38.719,"1.540,2.690,47570"
2025-10-19 14:51:25.745,38.875,"2.690,2.690,47770"
2025-10-19 14:51:25.901,39.03,<no data>
2025-10-19 14:51:25.954,39.083,"1.540,1.080,47970"
2025-10-19 14:51:26.067,39.196,Mode: FILL
2025-10-19 14:51:26.118,39.247,Fill Time: 30 s
2025-10-19 14:51:26.170,39.299,"1.080,1.540,48170"
2025-10-19 14:51:26.332,39.462,<no data>
2025-10-19 14:51:26.385,39.515,"3.380,3.380,48370"
2025-10-19 14:51:26.545,39.674,"2.230,2.230,48570"
2025-10-19 14:51:26.698,39.828,<no data>
2025-10-19 14:51:26.752,39.882,"1.540,1.080,48770"
2025-10-19 14:51:26.914,40.044,<no data>
2025-10-19 14:51:26.968,40.097,"1.080,1.540,48970"
2025-10-19 14:51:27.067,40.196,Mode: FILL
2025-10-19 14:51:27.118,40.247,Fill Time: 31 s
2025-10-19 14:51:27.170,40.299,"0.390,0.390,49170"
2025-10-19 14:51:27.332,40.461,<no data>
2025-10-19 14:51:27.384,40.514,"2.230,1.540,49370"
2025-10-19 14:51:27.545,40.674,"2.230,2.230,49570"
2025-10-19 14:51:27.700,40.829,<no data>
2025-10-19 14:51:27.753,40.882,"2.690,2.690,49770"
2025-10-19 14:51:27.908,41.037,<no data>
2025-10-19 14:51:27.961,41.09,"1.540,1.080,49970"
2025-10-19 14:51:28.067,41.196,Mode: FILL
2025-10-19 14:51:28.119,41.248,Fill Time: 32 s
2025-10-19 14:51:28.170,41.3,"2.690,2.230,50170"
2025-10-19 14:51:28.330,41.459,<no data>
2025-10-19 14:51:28.381,41.511,"2.230,2.230,50370"
2025-10-19 14:51:28.542,41.672,<no data>
2025-10-19 14:51:28.594,41.723,"1.540,2.230,50570"
2025-10-19 14:51:28.744,41.874,"2.230,2.230,50770"
2025-10-19 14:51:28.901,42.03,<no data>
2025-10-19 14:51:28.952,42.082,"3.380,2.230,50970"
2025-10-19 14:51:29.068,42.197,Mode: FILL
2025-10-19 14:51:29.121,42.25,Fill Time: 33 s
2025-10-19 14:51:29.174,42.303,"2.690,2.690,51170"
2025-10-19 14:51:29.332,42.462,<no data>
2025-10-19 14:51:29.384,42.513,"0.390,3.380,51370"
2025-10-19 14:51:29.545,42.674,"1.540,3.840,51570"
2025-10-19 14:51:29.698,42.828,<no data>
2025-10-19 14:51:29.750,42.879,"4.530,4.530,51770"
2025-10-19 14:51:29.908,43.037,<no data>
2025-10-19 14:51:29.959,43.089,"2.690,2.690,51970"
2025-10-19 14:51:30.067,43.197,Mode: FILL
2025-10-19 14:51:30.119,43.248,Fill Time: 34 s
2025-10-19 14:51:30.170,43.3,"2.230,2.230,52170"
2025-10-19 14:51:30.324,43.454,<no data>
2025-10-19 14:51:30.378,43.507,"1.540,1.540,52370"
2025-10-19 14:51:30.539,43.669,<no data>
2025-10-19 14:51:30.593,43.723,"1.080,2.230,52570"
2025-10-19 14:51:30.745,43.874,"2.230,1.080,52770"
2025-10-19 14:51:30.900,44.03,<no data>
2025-10-19 14:51:30.953,44.083,"2.690,3.380,52970"
2025-10-19 14:51:31.068,44.197,Mode: FILL
2025-10-19 14:51:31.121,44.251,Fill Time: 35 s
2025-10-19 14:51:31.174,44.304,"2.230,2.690,53170"
2025-10-19 14:51:31.332,44.462,<no data>
2025-10-19 14:51:31.386,44.515,"1.540,1.080,53370"
2025-10-19 14:51:31.544,44.674,"2.690,2.690,53570"
2025-10-19 14:51:31.706,44.836,<no data>
2025-10-19 14:51:31.759,44.888,"0.390,0.390,53770"
2025-10-19 14:51:31.918,45.047,<no data>
2025-10-19 14:51:31.971,45.1,"1.080,2.690,53970"
2025-10-19 14:51:32.067,45.196,Mode: FILL
2025-10-19 14:51:32.119,45.248,Fill Time: 36 s
2025-10-19 14:51:32.171,45.3,"2.690,2.230,54170"
2025-10-19 14:51:32.333,45.462,<no data>
2025-10-19 14:51:32.384,45.514,"1.540,1.540,54370"
2025-10-19 14:51:32.546,45.675,"1.540,2.690,54570"
2025-10-19 14:51:32.699,45.829,<no data>
2025-10-19 14:51:32.752,45.881,"1.540,1.080,54770"
2025-10-19 14:51:32.918,46.047,<no data>
2025-10-19 14:51:32.971,46.101,"1.540,1.540,54970"
2025-10-19 14:51:33.067,46.196,Mode: FILL
2025-10-19 14:51:33.119,46.249,Fill Time: 37 s
2025-10-19 14:51:33.171,46.301,"1.540,1.540,55170"
2025-10-19 14:51:33.329,46.458,<no data>
2025-10-19 14:51:33.381,46.51,"3.380,1.080,55370"
2025-10-19 14:51:33.545,46.674,"2.690,2.230,55570"
2025-10-19 14:51:33.702,46.832,<no data>
2025-10-19 14:51:33.754,46.884,"2.690,0.390,55770"
2025-10-19 14:51:33.913,47.042,<no data>
2025-10-19 14:51:33.965,47.094,"0.390,0.390,55970"
2025-10-19 14:51:34.067,47.196,Mode: FILL
2025-10-19 14:51:34.119,47.248,Fill Time: 38 s
2025-10-19 14:51:34.172,47.302,"2.230,2.230,56170"
2025-10-19 14:51:34.332,47.461,<no data>
2025-10-19 14:51:34.385,47.515,"3.380,2.230,56370"
2025-10-19 14:51:34.545,47.674,"1.080,1.540,56570"
2025-10-19 14:51:34.697,47.827,<no data>
2025-10-19 14:51:34.750,47.879,"3.380,1.540,56770"
2025-10-19 14:51:34.915,48.044,<no data>
2025-10-19 14:51:34.968,48.098,"2.230,2.230,56970"
2025-10-19 14:51:35.067,48.196,Mode: FILL
2025-10-19 14:51:35.118,48.248,Fill Time: 39 s
2025-10-19 14:51:35.171,48.301,"3.380,1.080,57170"
2025-10-19 14:51:35.330,48.46,<no data>
2025-10-19 14:51:35.382,48.512,"1.540,2.230,57370"
2025-10-19 14:51:35.546,48.676,"1.080,1.080,57570"
2025-10-19 14:51:35.713,48.842,<no data>
2025-10-19 14:51:35.765,48.894,"2.230,1.540,57770"
2025-10-19 14:51:35.923,49.053,<no data>
2025-10-19 14:51:35.976,49.105,"2.230,1.540,57970"
2025-10-19 14:51:36.067,49.196,Mode: FILL
2025-10-19 14:51:36.118,49.248,Fill Time: 40 s
2025-10-19 14:51:36.170,49.3,"0.390,1.540,58170"
2025-10-19 14:51:36.326,49.456,<no data>
2025-10-19 14:51:36.378,49.507,"2.690,0.390,58370"
2025-10-19 14:51:36.544,49.674,"1.080,2.690,58570"
2025-10-19 14:51:36.708,49.838,<no data>
2025-10-19 14:51:36.760,49.889,"1.540,2.230,58770"
2025-10-19 14:51:36.945,50.074,"1.540,1.540,58970"
2025-10-19 14:51:37.067,50.196,Mode: FILL
2025-10-19 14:51:37.126,50.256,Fill Time: 41 s
2025-10-19 14:51:37.179,50.308,"2.690,2.690,59170"
2025-10-19 14:51:37.332,50.461,<no data>
2025-10-19 14:51:37.384,50.513,"1.540,1.540,59370"
2025-10-19 14:51:37.542,50.671,<no data>
2025-10-19 14:51:37.593,50.722,"2.230,2.230,59570"
2025-10-19 14:51:37.745,50.874,"1.080,2.690,59770"
2025-10-19 14:51:37.903,51.033,<no data>
2025-10-19 14:51:37.955,51.084,"2.230,1.080,59970"
2025-10-19 14:51:38.067,51.196,Mode: FILL
2025-10-19 14:51:38.118,51.248,Fill Time: 42 s
2025-10-19 14:51:38.170,51.3,"1.080,1.080,60170"
2025-10-19 14:51:38.327,51.457,<no data>
2025-10-19 14:51:38.379,51.508,"1.540,1.540,60370"
2025-10-19 14:51:38.542,51.671,<no data>
2025-10-19 14:51:38.595,51.724,"1.080,2.230,60570"
2025-10-19 14:51:38.744,51.874,"1.540,1.540,60770"
2025-10-19 14:51:38.896,52.026,<no data>
2025-10-19 14:51:38.948,52.078,"1.540,2.230,60970"
2025-10-19 14:51:39.068,52.197,Mode: FILL
2025-10-19 14:51:39.121,52.25,Fill Time: 43 s
2025-10-19 14:51:39.173,52.303,"3.380,-0.070,61170"
2025-10-19 14:51:39.333,52.463,<no data>
2025-10-19 14:51:39.387,52.516,"2.690,1.540,61370"
2025-10-19 14:51:39.545,52.675,"1.080,2.690,61570"
2025-10-19 14:51:39.700,52.829,<no data>
2025-10-19 14:51:39.753,52.882,"0.390,1.540,61770"
2025-10-19 14:51:39.908,53.038,<no data>
2025-10-19 14:51:39.961,53.091,"2.690,1.540,61970"
2025-10-19 14:51:40.067,53.196,Mode: FILL
2025-10-19 14:51:40.119,53.249,Fill Time: 44 s
2025-10-19 14:51:40.172,53.301,"2.230,2.230,62170"
2025-10-19 14:51:40.325,53.455,<no data>
2025-10-19 14:51:40.377,53.506,"1.540,2.230,62370"
2025-10-19 14:51:40.544,53.673,<no data>
2025-10-19 14:51:40.598,53.728,"2.230,1.540,62570"
2025-10-19 14:51:40.745,53.874,"3.380,3.380,62770"
2025-10-19 14:51:40.906,54.035,<no data>
2025-10-19 14:51:40.957,54.087,"2.690,1.540,62970"
2025-10-19 14:51:41.067,54.196,Mode: FILL
2025-10-19 14:51:41.119,54.248,Fill Time: 45 s
2025-10-19 14:51:41.171,54.3,"1.540,0.390,63170"
2025-10-19 14:51:41.332,54.461,<no data>
2025-10-19 14:51:41.385,54.514,"2.230,2.690,63370"
2025-10-19 14:51:41.546,54.675,"1.080,2.230,63570"
2025-10-19 14:51:41.710,54.839,<no data>
2025-10-19 14:51:41.762,54.892,"2.230,2.230,63770"
2025-10-19 14:51:41.921,55.05,<no data>
2025-10-19 14:51:41.974,55.103,"1.540,2.690,63970"
2025-10-19 14:51:42.068,55.197,Mode: FILL
2025-10-19 14:51:42.121,55.251,Fill Time: 46 s
2025-10-19 14:51:42.174,55.304,"1.080,1.080,64170"
2025-10-19 14:51:42.334,55.463,<no data>
2025-10-19 14:51:42.386,55.515,"3.380,0.390,64370"
2025-10-19 14:51:42.545,55.675,"1.540,1.080,64570"
2025-10-19 14:51:42.706,55.836,<no data>
2025-10-19 14:51:42.759,55.888,"2.690,2.690,64770"
2025-10-19 14:51:42.918,56.047,<no data>
2025-10-19 14:51:42.971,56.1,"1.540,3.840,64970"
2025-10-19 14:51:43.068,56.197,Mode: FILL
2025-10-19 14:51:43.121,56.251,Fill Time: 47 s
2025-10-19 14:51:43.174,56.304,"2.230,2.230,65170"
2025-10-19 14:51:43.330,56.46,<no data>
2025-10-19 14:51:43.382,56.512,"2.230,2.230,65370"
2025-10-19 14:51:43.544,56.674,"3.380,0.390,65570"
2025-10-19 14:51:43.703,56.832,<no data>
2025-10-19 14:51:43.756,56.885,"2.690,2.690,65770"
2025-10-19 14:51:43.910,57.04,<no data>
2025-10-19 14:51:43.963,57.093,"4.530,2.230,65970"
2025-10-19 14:51:44.066,57.196,Mode: FILL
2025-10-19 14:51:44.118,57.248,Fill Time: 48 s
2025-10-19 14:51:44.171,57.3,"1.540,1.540,66170"
2025-10-19 14:51:44.327,57.457,<no data>
2025-10-19 14:51:44.379,57.509,"1.540,2.690,66370"
2025-10-19 14:51:44.531,57.661,<no data>
2025-10-19 14:51:44.585,57.715,"1.080,1.540,66570"
2025-10-19 14:51:44.744,57.874,"1.540,1.540,66770"
2025-10-19 14:51:44.904,58.034,<no data>
2025-10-19 14:51:44.956,58.085,"2.230,1.540,66970"
2025-10-19 14:51:45.067,58.196,Mode: FILL
2025-10-19 14:51:45.120,58.25,Fill Time: 49 s
2025-10-19 14:51:45.174,58.303,"2.690,2.230,67170"
2025-10-19 14:51:45.332,58.461,<no data>
2025-10-19 14:51:45.384,58.513,"1.540,1.540,67370"
2025-10-19 14:51:45.545,58.675,"1.540,1.540,67570"
2025-10-19 14:51:45.707,58.836,<no data>
2025-10-19 14:51:45.759,58.888,"2.230,3.380,67770"
2025-10-19 14:51:45.919,59.048,<no data>
2025-10-19 14:51:45.971,59.101,"2.230,2.230,67970"
2025-10-19 14:51:46.067,59.196,Mode: FILL
2025-10-19 14:51:46.118,59.248,Fill Time: 50 s
2025-10-19 14:51:46.170,59.299,"1.540,1.080,68170"
2025-10-19 14:51:46.325,59.455,<no data>
2025-10-19 14:51:46.377,59.506,"2.230,1.540,68370"
2025-10-19 14:51:46.536,59.666,<no data>
2025-10-19 14:51:46.589,59.718,"2.690,1.540,68570"
2025-10-19 14:51:46.746,59.875,"1.080,1.080,68770"
2025-10-19 14:51:46.902,60.032,<no data>
2025-10-19 14:51:46.954,60.084,"1.080,2.230,68970"
2025-10-19 14:51:47.067,60.196,Mode: FILL
2025-10-19 14:51:47.118,60.248,Fill Time: 51 s
2025-10-19 14:51:47.170,60.3,"2.230,2.230,69170"
2025-10-19 14:51:47.331,60.461,<no data>
2025-10-19 14:51:47.383,60.513,"2.230,2.230,69370"
2025-10-19 14:51:47.537,60.667,<no data>
2025-10-19 14:51:47.589,60.718,"1.080,1.080,69570"
2025-10-19 14:51:47.745,60.874,"2.230,2.690,69770"
2025-10-19 14:51:47.910,61.039,<no data>
2025-10-19 14:51:47.962,61.091,"1.540,0.390,69970"
2025-10-19 14:51:48.066,61.196,Mode: FILL
2025-10-19 14:51:48.118,61.247,Fill Time: 52 s
2025-10-19 14:51:48.170,61.299,"3.380,1.080,70170"
2025-10-19 14:51:48.324,61.454,<no data>
2025-10-19 14:51:48.377,61.507,"2.690,3.380,70370"
2025-10-19 14:51:48.530,61.66,<no data>
2025-10-19 14:51:48.582,61.711,"2.230,2.690,70570"
2025-10-19 14:51:48.744,61.873,<no data>
2025-10-19 14:51:48.796,61.925,"1.540,1.540,70770"
2025-10-19 14:51:48.944,62.074,"2.230,1.540,70970"
2025-10-19 14:51:49.066,62.196,Mode: FILL
2025-10-19 14:51:49.118,62.248,Fill Time: 53 s
2025-10-19 14:51:49.173,62.302,"2.230,2.230,71170"
2025-10-19 14:51:49.336,62.466,<no data>
2025-10-19 14:51:49.388,62.518,"2.230,2.230,71370"
2025-10-19 14:51:49.544,62.674,"2.230,3.840,71570"
2025-10-19 14:51:49.702,62.831,<no data>
2025-10-19 14:51:49.754,62.883,"2.690,1.540,71770"
2025-10-19 14:51:49.913,63.043,<no data>
2025-10-19 14:51:49.966,63.096,"1.080,2.230,71970"
2025-10-19 14:51:50.067,63.196,Mode: FILL
2025-10-19 14:51:50.119,63.249,Fill Time: 54 s
2025-10-19 14:51:50.173,63.303,"2.690,2.690,72170"
2025-10-19 14:51:50.339,63.469,<no data>
2025-10-19 14:51:50.391,63.52,"1.540,2.690,72370"
2025-10-19 14:51:50.545,63.674,"1.080,0.390,72570"
2025-10-19 14:51:50.710,63.84,<no data>
2025-10-19 14:51:50.762,63.892,"2.690,2.690,72770"
2025-10-19 14:51:50.915,64.045,<no data>
2025-10-19 14:51:50.967,64.097,"-0.070,2.230,72970"
2025-10-19 14:51:51.067,64.196,Mode: FILL
2025-10-19 14:51:51.119,64.248,Fill Time: 55 s
2025-10-19 14:51:51.172,64.301,"2.230,1.540,73170"
2025-10-19 14:51:51.325,64.455,<no data>
2025-10-19 14:51:51.378,64.508,"1.540,3.380,73370"
2025-10-19 14:51:51.537,64.667,<no data>
2025-10-19 14:51:51.590,64.719,"2.230,1.080,73570"
2025-10-19 14:51:51.745,64.874,"1.080,1.080,73770"
2025-10-19 14:51:51.903,65.032,<no data>
2025-10-19 14:51:51.954,65.084,"1.540,0.390,73970"
2025-10-19 14:51:52.066,65.196,Mode: FILL
2025-10-19 14:51:52.119,65.248,Fill Time: 56 s
2025-10-19 14:51:52.172,65.302,"3.380,3.380,74170"
2025-10-19 14:51:52.327,65.456,<no data>
2025-10-19 14:51:52.378,65.508,"3.840,2.230,74370"
2025-10-19 14:51:52.536,65.665,<no data>
2025-10-19 14:51:52.587,65.717,"2.230,1.080,74570"
2025-10-19 14:51:52.746,65.875,"2.690,2.690,74770"
2025-10-19 14:51:52.909,66.038,<no data>
2025-10-19 14:51:52.961,66.09,"2.230,0.390,74970"
2025-10-19 14:51:53.066,66.196,Mode: FILL
2025-10-19 14:51:53.118,66.248,Fill Time: 57 s
2025-10-19 14:51:53.172,66.302,"2.690,1.080,75170"
2025-10-19 14:51:53.331,66.461,<no data>
2025-10-19 14:51:53.384,66.513,"2.230,1.540,75370"
2025-10-19 14:51:53.545,66.674,"2.690,3.380,75570"
2025-10-19 14:51:53.700,66.83,<no data>
2025-10-19 14:51:53.752,66.882,"1.540,1.080,75770"
2025-10-19 14:51:53.910,67.04,<no data>
2025-10-19 14:51:53.962,67.092,"1.080,2.690,75970"
2025-10-19 14:51:54.066,67.196,Mode: FILL
2025-10-19 14:51:54.118,67.247,Fill Time: 58 s
2025-10-19 14:51:54.171,67.301,"1.540,1.540,76170"
2025-10-19 14:51:54.331,67.461,<no data>
2025-10-19 14:51:54.384,67.513,"2.690,2.230,76370"
2025-10-19 14:51:54.546,67.675,"3.380,2.230,76570"
2025-10-19 14:51:54.714,67.843,<no data>
2025-10-19 14:51:54.769,67.898,"2.690,2.690,76770"
2025-10-19 14:51:54.930,68.059,<no data>
2025-10-19 14:51:54.982,68.111,"2.230,2.230,76970"
2025-10-19 14:51:55.067,68.196,Mode: FILL
2025-10-19 14:51:55.120,68.249,Fill Time: 59 s
2025-10-19 14:51:55.172,68.302,"2.690,1.540,77170"
2025-10-19 14:51:55.333,68.463,<no data>
2025-10-19 14:51:55.387,68.516,"1.080,1.080,77370"
2025-10-19 14:51:55.544,68.674,<no data>
2025-10-19 14:51:55.597,68.727,"2.230,2.230,77570"
2025-10-19 14:51:55.746,68.876,"1.080,1.540,77770"
2025-10-19 14:51:55.907,69.037,<no data>
2025-10-19 14:51:55.958,69.088,"1.080,2.690,77970"
2025-10-19 14:51:56.067,69.196,Mode: FILL
2025-10-19 14:51:56.118,69.248,Fill Time: 60 s
2025-10-19 14:51:56.172,69.302,"2.230,2.230,78170"
2025-10-19 14:51:56.326,69.456,<no data>
2025-10-19 14:51:56.380,69.509,"2.230,1.080,78370"
2025-10-19 14:51:56.534,69.663,<no data>
2025-10-19 14:51:56.586,69.716,"2.230,1.080,78570"
2025-10-19 14:51:56.744,69.874,"1.080,2.690,78770"
2025-10-19 14:51:56.909,70.038,<no data>
2025-10-19 14:51:56.961,70.091,"3.840,0.390,78970"
2025-10-19 14:51:57.067,70.197,Mode: FILL
2025-10-19 14:51:57.121,70.251,Fill Time: 61 s
2025-10-19 14:51:57.174,70.304,"1.540,1.540,79170"
2025-10-19 14:51:57.328,70.458,<no data>
2025-10-19 14:51:57.380,70.509,"2.230,1.540,79370"
2025-10-19 14:51:57.533,70.663,<no data>
2025-10-19 14:51:57.585,70.715,"2.230,2.230,79570"
2025-10-19 14:51:57.743,70.873,<no data>
2025-10-19 14:51:57.797,70.927,"2.230,1.080,79770"
2025-10-19 14:51:57.945,71.075,"2.230,2.690,79970"
2025-10-19 14:51:58.067,71.196,Mode: FILL
2025-10-19 14:51:58.121,71.25,Fill Time: 62 s
2025-10-19 14:51:58.174,71.303,"2.230,2.230,80170"
2025-10-19 14:51:58.333,71.463,<no data>
2025-10-19 14:51:58.386,71.516,"3.380,2.690,80370"
2025-10-19 14:51:58.545,71.675,"3.380,2.230,80570"
2025-10-19 14:51:58.709,71.838,<no data>
2025-10-19 14:51:58.762,71.892,"2.690,1.080,80770"
2025-10-19 14:51:58.916,72.045,<no data>
2025-10-19 14:51:58.970,72.1,"2.230,2.230,80970"
2025-10-19 14:51:59.067,72.196,Mode: FILL
2025-10-19 14:51:59.120,72.249,Fill Time: 63 s
2025-10-19 14:51:59.174,72.304,"2.690,2.690,81170"
2025-10-19 14:51:59.329,72.458,<no data>
2025-10-19 14:51:59.382,72.511,"2.690,2.690,81370"
2025-10-19 14:51:59.544,72.674,<no data>
2025-10-19 14:51:59.606,72.735,"2.690,2.690,81570"
2025-10-19 14:51:59.745,72.875,"2.230,2.230,81770"
2025-10-19 14:51:59.905,73.035,<no data>
2025-10-19 14:51:59.958,73.087,"1.540,3.380,81970"
2025-10-19 14:52:00.066,73.196,Mode: FILL
2025-10-19 14:52:00.118,73.247,Fill Time: 64 s
2025-10-19 14:52:00.170,73.299,"1.540,2.230,82170"
2025-10-19 14:52:00.327,73.456,<no data>
2025-10-19 14:52:00.378,73.508,"3.380,2.230,82370"
2025-10-19 14:52:00.538,73.668,<no data>
2025-10-19 14:52:00.590,73.72,"2.690,2.230,82570"
2025-10-19 14:52:00.744,73.874,"1.540,1.540,82770"
2025-10-19 14:52:00.898,74.028,<no data>
2025-10-19 14:52:00.950,74.079,"2.690,2.690,82970"
2025-10-19 14:52:01.067,74.196,Mode: FILL
2025-10-19 14:52:01.120,74.249,Fill Time: 65 s
2025-10-19 14:52:01.173,74.302,"1.080,2.230,83170"
2025-10-19 14:52:01.333,74.462,<no data>
2025-10-19 14:52:01.386,74.515,"1.540,2.230,83370"
2025-10-19 14:52:01.538,74.668,<no data>
2025-10-19 14:52:01.590,74.72,"1.540,2.230,83570"
2025-10-19 14:52:01.744,74.874,"2.690,3.840,83770"
2025-10-19 14:52:01.909,75.038,<no data>
2025-10-19 14:52:01.963,75.092,"2.230,3.380,83970"
2025-10-19 14:52:02.066,75.196,Mode: FILL
2025-10-19 14:52:02.120,75.249,Fill Time: 66 s
2025-10-19 14:52:02.172,75.301,"2.690,2.230,84170"
2025-10-19 14:52:02.334,75.463,<no data>
2025-10-19 14:52:02.386,75.516,"1.080,1.080,84370"
2025-10-19 14:52:02.545,75.674,<no data>
2025-10-19 14:52:02.597,75.726,"2.230,-0.070,84570"
2025-10-19 14:52:02.745,75.875,"1.080,1.540,84770"
2025-10-19 14:52:02.904,76.033,<no data>
2025-10-19 14:52:02.956,76.086,"1.540,1.540,84970"
2025-10-19 14:52:03.067,76.197,Mode: FILL
2025-10-19 14:52:03.121,76.25,Fill Time: 67 s
2025-10-19 14:52:03.173,76.302,"0.390,2.230,85170"
2025-10-19 14:52:03.327,76.456,<no data>
2025-10-19 14:52:03.379,76.508,"2.690,1.080,85370"
2025-10-19 14:52:03.543,76.673,<no data>
2025-10-19 14:52:03.596,76.725,"1.540,1.080,85570"
2025-10-19 14:52:03.745,76.875,"1.540,1.540,85770"
2025-10-19 14:52:03.905,77.035,<no data>
2025-10-19 14:52:03.959,77.089,"2.230,3.840,85970"
2025-10-19 14:52:04.066,77.196,Mode: FILL
2025-10-19 14:52:04.119,77.249,Fill Time: 68 s
2025-10-19 14:52:04.171,77.3,"3.840,0.390,86170"
2025-10-19 14:52:04.333,77.462,<no data>
2025-10-19 14:52:04.385,77.515,"2.690,2.690,86370"
2025-10-19 14:52:04.544,77.673,"2.230,1.540,86570"
2025-10-19 14:52:04.700,77.829,<no data>
2025-10-19 14:52:04.751,77.88,"1.540,2.690,86770"
2025-10-19 14:52:04.912,78.041,<no data>
2025-10-19 14:52:04.964,78.093,"1.080,2.690,86970"
2025-10-19 14:52:05.066,78.196,Mode: FILL
2025-10-19 14:52:05.118,78.248,Fill Time: 69 s
2025-10-19 14:52:05.169,78.299,"2.230,2.230,87170"
2025-10-19 14:52:05.326,78.455,<no data>
2025-10-19 14:52:05.378,78.507,"2.230,2.230,87370"
2025-10-19 14:52:05.540,78.67,<no data>
2025-10-19 14:52:05.593,78.722,"2.690,2.230,87570"
2025-10-19 14:52:05.745,78.875,"2.690,2.690,87770"
2025-10-19 14:52:05.913,79.042,<no data>
2025-10-19 14:52:05.964,79.094,"1.080,1.540,87970"
2025-10-19 14:52:06.066,79.196,Mode: FILL
2025-10-19 14:52:06.118,79.247,Fill Time: 70 s
2025-10-19 14:52:06.169,79.298,"3.380,1.540,88170"
2025-10-19 14:52:06.333,79.463,<no data>
2025-10-19 14:52:06.385,79.515,"2.690,2.230,88370"
2025-10-19 14:52:06.544,79.674,"1.540,1.540,88570"
2025-10-19 14:52:06.704,79.834,<no data>
2025-10-19 14:52:06.757,79.886,"1.080,2.230,88770"
2025-10-19 14:52:06.913,80.042,<no data>
2025-10-19 14:52:06.967,80.096,"1.080,1.540,88970"
2025-10-19 14:52:07.066,80.196,Mode: FILL
2025-10-19 14:52:07.118,80.247,Fill Time: 71 s
2025-10-19 14:52:07.169,80.299,"1.540,1.540,89170"
2025-10-19 14:52:07.331,80.461,<no data>
2025-10-19 14:52:07.382,80.512,"2.690,1.540,89370"
2025-10-19 14:52:07.541,80.67,<no data>
2025-10-19 14:52:07.593,80.723,"2.690,2.230,89570"
2025-10-19 14:52:07.744,80.874,"2.230,1.080,89770"
2025-10-19 14:52:07.910,81.04,<no data>
2025-10-19 14:52:07.962,81.092,"2.230,1.080,89970"
2025-10-19 14:52:08.067,81.196,Mode: FILL
2025-10-19 14:52:08.119,81.249,Fill Time: 72 s
2025-10-19 14:52:08.171,81.3,"1.540,1.080,90170"
2025-10-19 14:52:08.330,81.459,<no data>
2025-10-19 14:52:08.381,81.511,"2.230,2.230,90370"
2025-10-19 14:52:08.537,81.666,<no data>
2025-10-19 14:52:08.590,81.719,"1.540,1.540,90570"
2025-10-19 14:52:08.744,81.874,"1.540,1.540,90770"
2025-10-19 14:52:08.904,82.034,<no data>
2025-10-19 14:52:08.957,82.086,"2.690,2.230,90970"
2025-10-19 14:52:09.066,82.196,Mode: FILL
2025-10-19 14:52:09.119,82.248,Fill Time: 73 s
2025-10-19 14:52:09.171,82.301,"-0.070,1.080,91170"
2025-10-19 14:52:09.330,82.459,<no data>
2025-10-19 14:52:09.383,82.513,"2.230,2.230,91370"
2025-10-19 14:52:09.539,82.669,<no data>
2025-10-19 14:52:09.591,82.721,"3.840,1.080,91570"
2025-10-19 14:52:09.744,82.874,"2.230,1.540,91770"
2025-10-19 14:52:09.906,83.035,<no data>
2025-10-19 14:52:09.957,83.087,"2.230,2.230,91970"
2025-10-19 14:52:10.066,83.196,Mode: FILL
2025-10-19 14:52:10.120,83.25,Fill Time: 74 s
2025-10-19 14:52:10.174,83.304,"2.690,1.080,92170"
2025-10-19 14:52:10.332,83.461,<no data>
2025-10-19 14:52:10.386,83.515,"1.540,2.230,92370"
2025-10-19 14:52:10.544,83.674,"2.690,2.230,92570"
2025-10-19 14:52:10.699,83.829,<no data>
2025-10-19 14:52:10.750,83.88,"2.690,3.380,92770"
2025-10-19 14:52:10.911,84.04,<no data>
2025-10-19 14:52:10.965,84.094,"2.690,1.540,92970"
2025-10-19 14:52:11.066,84.196,Mode: FILL
2025-10-19 14:52:11.119,84.248,Fill Time: 75 s
2025-10-19 14:52:11.171,84.301,"1.080,1.080,93170"
2025-10-19 14:52:11.330,84.459,<no data>
2025-10-19 14:52:11.382,84.512,"1.540,1.540,93370"
2025-10-19 14:52:11.544,84.674,"2.230,2.230,93570"
2025-10-19 14:52:11.697,84.827,<no data>
2025-10-19 14:52:11.750,84.88,"2.690,2.230,93770"
2025-10-19 14:52:11.907,85.037,<no data>
2025-10-19 14:52:11.959,85.088,"2.690,2.690,93970"
2025-10-19 14:52:12.066,85.195,Mode: FILL
2025-10-19 14:52:12.118,85.247,Fill Time: 76 s
2025-10-19 14:52:12.169,85.298,"3.840,1.540,94170"
2025-10-19 14:52:12.321,85.45,<no data>
2025-10-19 14:52:12.373,85.503,"2.230,2.230,94370"
2025-10-19 14:52:12.537,85.667,<no data>
2025-10-19 14:52:12.589,85.718,"2.690,1.540,94570"
2025-10-19 14:52:12.744,85.873,"2.690,2.690,94770"
2025-10-19 14:52:12.908,86.038,<no data>
2025-10-19 14:52:12.960,86.09,"2.690,2.230,94970"
2025-10-19 14:52:13.066,86.196,Mode: FILL
2025-10-19 14:52:13.126,86.256,Fill Time: 77 s
2025-10-19 14:52:13.178,86.308,"2.230,2.230,95170"
2025-10-19 14:52:13.339,86.469,<no data>
2025-10-19 14:52:13.391,86.52,"1.080,2.690,95370"
2025-10-19 14:52:13.544,86.674,"1.080,1.540,95570"
2025-10-19 14:52:13.709,86.839,<no data>
2025-10-19 14:52:13.761,86.89,"2.690,2.230,95770"
2025-10-19 14:52:13.926,87.056,<no data>
2025-10-19 14:52:13.979,87.108,"1.080,1.080,95970"
2025-10-19 14:52:14.067,87.196,Mode: FILL
2025-10-19 14:52:14.119,87.249,Fill Time: 78 s
2025-10-19 14:52:14.171,87.301,"1.540,1.540,96170"
2025-10-19 14:52:14.333,87.462,<no data>
2025-10-19 14:52:14.384,87.514,"3.380,1.540,96370"
2025-10-19 14:52:14.544,87.674,"2.230,2.690,96570"
2025-10-19 14:52:14.701,87.831,<no data>
2025-10-19 14:52:14.753,87.882,"1.080,2.690,96770"
2025-10-19 14:52:14.912,88.042,<no data>
2025-10-19 14:52:14.965,88.094,"2.690,1.540,96970"
2025-10-19 14:52:15.066,88.196,Mode: FILL
2025-10-19 14:52:15.119,88.249,Fill Time: 79 s
2025-10-19 14:52:15.171,88.301,"1.540,3.380,97170"
2025-10-19 14:52:15.331,88.461,<no data>
2025-10-19 14:52:15.384,88.514,"1.080,1.540,97370"
2025-10-19 14:52:15.544,88.674,"1.540,1.540,97570"
2025-10-19 14:52:15.709,88.838,<no data>
2025-10-19 14:52:15.760,88.89,"0.390,2.230,97770"
2025-10-19 14:52:15.915,89.044,<no data>
2025-10-19 14:52:15.968,89.097,"2.230,3.840,97970"
2025-10-19 14:52:16.066,89.196,Mode: FILL
2025-10-19 14:52:16.119,89.248,Fill Time: 80 s
2025-10-19 14:52:16.171,89.3,"1.540,2.690,98170"
2025-10-19 14:52:16.327,89.457,<no data>
2025-10-19 14:52:16.379,89.509,"1.080,3.840,98370"
2025-10-19 14:52:16.545,89.674,"3.380,2.690,98570"
2025-10-19 14:52:16.711,89.84,<no data>
2025-10-19 14:52:16.763,89.892,"2.230,1.540,98770"
2025-10-19 14:52:16.920,90.049,<no data>
2025-10-19 14:52:16.972,90.102,"2.230,2.230,98970"
2025-10-19 14:52:17.066,90.196,Mode: FILL
2025-10-19 14:52:17.118,90.248,Fill Time: 81 s
2025-10-19 14:52:17.172,90.301,"1.540,1.540,99170"
2025-10-19 14:52:17.331,90.461,<no data>
2025-10-19 14:52:17.384,90.513,"2.690,1.540,99370"
2025-10-19 14:52:17.537,90.666,<no data>
2025-10-19 14:52:17.589,90.719,"1.080,2.230,99570"
2025-10-19 14:52:17.745,90.874,"0.390,2.690,99770"
2025-10-19 14:52:17.900,91.03,<no data>
2025-10-19 14:52:17.952,91.082,"2.230,2.690,99970"
2025-10-19 14:52:18.066,91.196,Mode: FILL
2025-10-19 14:52:18.118,91.247,Fill Time: 82 s
2025-10-19 14:52:18.170,91.299,"1.080,3.840,100170"
2025-10-19 14:52:18.330,91.46,<no data>
2025-10-19 14:52:18.383,91.512,"1.540,1.540,100370"
2025-10-19 14:52:18.545,91.675,"2.690,2.690,100570"
2025-10-19 14:52:18.713,91.843,<no data>
2025-10-19 14:52:18.765,91.894,"2.230,1.540,100770"
2025-10-19 14:52:18.919,92.048,<no data>
2025-10-19 14:52:18.970,92.099,"2.230,1.080,100970"
2025-10-19 14:52:19.067,92.196,Mode: FILL
2025-10-19 14:52:19.120,92.25,Fill Time: 83 s
2025-10-19 14:52:19.174,92.304,"1.540,1.540,101170"
2025-10-19 14:52:19.332,92.462,<no data>
2025-10-19 14:52:19.384,92.514,"1.540,1.540,101370"
2025-10-19 14:52:19.538,92.667,<no data>
2025-10-19 14:52:19.591,92.72,"1.080,3.380,101570"
2025-10-19 14:52:19.747,92.877,"2.230,2.230,101770"
2025-10-19 14:52:19.902,93.032,<no data>
2025-10-19 14:52:19.954,93.083,"3.380,2.690,101970"
2025-10-19 14:52:20.066,93.196,Mode: FILL
2025-10-19 14:52:20.119,93.248,Fill Time: 84 s
2025-10-19 14:52:20.173,93.302,"-0.760,2.690,102170"
2025-10-19 14:52:20.336,93.466,<no data>
2025-10-19 14:52:20.388,93.518,"2.230,2.230,102370"
2025-10-19 14:52:20.546,93.676,"1.080,1.080,102570"
2025-10-19 14:52:20.701,93.831,<no data>
2025-10-19 14:52:20.754,93.883,"1.540,1.540,102770"
2025-10-19 14:52:20.914,94.043,<no data>
2025-10-19 14:52:20.966,94.096,"1.540,1.540,102970"
2025-10-19 14:52:21.066,94.196,Mode: FILL
2025-10-19 14:52:21.118,94.248,Fill Time: 85 s
2025-10-19 14:52:21.170,94.3,"3.380,0.390,103170"
2025-10-19 14:52:21.333,94.463,<no data>
2025-10-19 14:52:21.385,94.514,"2.690,2.690,103370"
2025-10-19 14:52:21.546,94.675,"2.690,1.540,103570"
2025-10-19 14:52:21.717,94.846,<no data>
2025-10-19 14:52:21.769,94.899,"2.230,1.080,103770"
2025-10-19 14:52:21.929,95.058,<no data>
2025-10-19 14:52:21.982,95.111,"2.230,2.230,103970"
2025-10-19 14:52:22.066,95.196,Mode: FILL
2025-10-19 14:52:22.118,95.248,Fill Time: 86 s
2025-10-19 14:52:22.171,95.3,"2.230,3.380,104170"
2025-10-19 14:52:22.330,95.459,<no data>
2025-10-19 14:52:22.381,95.511,"3.380,1.540,104370"
2025-10-19 14:52:22.534,95.664,<no data>
2025-10-19 14:52:22.586,95.715,"1.540,2.230,104570"
2025-10-19 14:52:22.745,95.875,"1.540,2.230,104770"
2025-10-19 14:52:22.902,96.031,<no data>
2025-10-19 14:52:22.954,96.083,"3.380,1.080,104970"
2025-10-19 14:52:23.066,96.196,Mode: FILL
2025-10-19 14:52:23.118,96.247,Fill Time: 87 s
2025-10-19 14:52:23.169,96.299,"2.690,2.230,105170"
2025-10-19 14:52:23.335,96.465,<no data>
2025-10-19 14:52:23.388,96.518,"0.390,0.390,105370"
2025-10-19 14:52:23.545,96.675,"0.390,2.690,105570"
2025-10-19 14:52:23.714,96.844,<no data>
2025-10-19 14:52:23.768,96.897,"1.080,2.690,105770"
2025-10-19 14:52:23.935,97.065,<no data>
2025-10-19 14:52:23.988,97.117,"0.390,-0.070,105970"
2025-10-19 14:52:24.066,97.196,Mode: FILL
2025-10-19 14:52:24.118,97.247,Fill Time: 88 s
2025-10-19 14:52:24.171,97.3,"1.540,1.540,106170"
2025-10-19 14:52:24.336,97.466,<no data>
2025-10-19 14:52:24.388,97.517,"1.080,3.840,106370"
2025-10-19 14:52:24.547,97.676,"2.690,0.390,106570"
2025-10-19 14:52:24.716,97.845,<no data>
2025-10-19 14:52:24.768,97.898,"2.230,2.230,106770"
2025-10-19 14:52:24.934,98.064,<no data>
2025-10-19 14:52:24.986,98.115,"2.230,1.540,106970"
2025-10-19 14:52:25.066,98.195,Mode: FILL
2025-10-19 14:52:25.117,98.247,Fill Time: 89 s
2025-10-19 14:52:25.168,98.298,"2.230,2.690,107170"
2025-10-19 14:52:25.330,98.459,<no data>
2025-10-19 14:52:25.381,98.511,"0.390,1.540,107370"
2025-10-19 14:52:25.545,98.674,"2.230,2.230,107570"
2025-10-19 14:52:25.702,98.831,<no data>
2025-10-19 14:52:25.755,98.885,"2.230,1.540,107770"
2025-10-19 14:52:25.917,99.046,<no data>
2025-10-19 14:52:25.969,99.098,"0.390,2.690,107970"
2025-10-19 14:52:26.066,99.196,Mode: FILL
2025-10-19 14:52:26.118,99.248,Fill Time: 90 s
2025-10-19 14:52:26.171,99.3,"1.080,2.690,108170"
2025-10-19 14:52:26.331,99.461,<no data>
2025-10-19 14:52:26.384,99.514,"2.690,2.230,108370"
2025-10-19 14:52:26.545,99.675,"1.540,2.690,108570"
2025-10-19 14:52:26.699,99.829,<no data>
2025-10-19 14:52:26.751,99.88,"1.540,1.540,108770"
2025-10-19 14:52:26.915,100.045,<no data>
2025-10-19 14:52:26.968,100.097,"1.540,1.540,108970"
2025-10-19 14:52:27.066,100.195,Mode: FILL
2025-10-19 14:52:27.118,100.247,Fill Time: 91 s
2025-10-19 14:52:27.170,100.299,"1.540,2.230,109170"
2025-10-19 14:52:27.330,100.459,<no data>
2025-10-19 14:52:27.383,100.512,"2.230,3.380,109370"
2025-10-19 14:52:27.546,100.676,"2.690,1.080,109570"
2025-10-19 14:52:27.702,100.831,<no data>
2025-10-19 14:52:27.754,100.883,"2.690,1.080,109770"
2025-10-19 14:52:27.912,101.041,<no data>
2025-10-19 14:52:27.964,101.094,"2.230,2.230,109970"
2025-10-19 14:52:28.067,101.197,Mode: FILL
2025-10-19 14:52:28.120,101.25,Fill Time: 92 s
2025-10-19 14:52:28.172,101.301,"2.230,2.230,110170"
2025-10-19 14:52:28.332,101.461,<no data>
2025-10-19 14:52:28.385,101.514,"1.540,1.540,110370"
2025-10-19 14:52:28.546,101.676,"2.230,1.080,110570"
2025-10-19 14:52:28.719,101.848,<no data>
2025-10-19 14:52:28.771,101.9,"2.690,2.230,110770"
2025-10-19 14:52:28.931,102.06,<no data>
2025-10-19 14:52:28.983,102.112,"1.540,2.690,110970"
2025-10-19 14:52:29.067,102.197,Mode: FILL
2025-10-19 14:52:29.121,102.25,Fill Time: 93 s
2025-10-19 14:52:29.175,102.304,"3.380,3.380,111170"
2025-10-19 14:52:29.333,102.462,<no data>
2025-10-19 14:52:29.387,102.516,"2.690,3.380,111370"
2025-10-19 14:52:29.545,102.675,"1.080,3.840,111570"
2025-10-19 14:52:29.713,102.842,<no data>
2025-10-19 14:52:29.767,102.897,"1.540,0.390,111770"
2025-10-19 14:52:29.929,103.059,<no data>
2025-10-19 14:52:29.982,103.112,"1.080,2.690,111970"
2025-10-19 14:52:30.066,103.196,Mode: FILL
2025-10-19 14:52:30.118,103.247,Fill Time: 94 s
2025-10-19 14:52:30.171,103.301,"1.540,1.540,112170"
2025-10-19 14:52:30.340,103.47,<no data>
2025-10-19 14:52:30.395,103.524,"2.690,1.080,112370"
2025-10-19 14:52:30.545,103.675,"2.230,2.230,112570"
2025-10-19 14:52:30.713,103.843,<no data>
2025-10-19 14:52:30.766,103.895,"2.230,3.380,112770"
2025-10-19 14:52:30.931,104.06,<no data>
2025-10-19 14:52:30.983,104.112,"2.690,1.080,112970"
2025-10-19 14:52:31.066,104.195,Mode: FILL
2025-10-19 14:52:31.118,104.247,Fill Time: 95 s
2025-10-19 14:52:31.169,104.298,"2.230,2.690,113170"
2025-10-19 14:52:31.336,104.465,<no data>
2025-10-19 14:52:31.388,104.517,"1.540,1.540,113370"
2025-10-19 14:52:31.545,104.675,"1.080,1.540,113570"
2025-10-19 14:52:31.698,104.828,<no data>
2025-10-19 14:52:31.750,104.88,"2.230,2.230,113770"
2025-10-19 14:52:31.915,105.045,<no data>
2025-10-19 14:52:31.967,105.097,"2.690,2.690,113970"
2025-10-19 14:52:32.066,105.196,Mode: FILL
2025-10-19 14:52:32.118,105.248,Fill Time: 96 s
2025-10-19 14:52:32.170,105.299,"1.540,0.390,114170"
2025-10-19 14:52:32.331,105.46,<no data>
2025-10-19 14:52:32.383,105.512,"2.690,2.690,114370"
2025-10-19 14:52:32.546,105.675,"2.230,2.690,114570"
2025-10-19 14:52:32.713,105.843,<no data>
2025-10-19 14:52:32.765,105.894,"1.080,1.080,114770"
2025-10-19 14:52:32.927,106.056,<no data>
2025-10-19 14:52:32.978,106.108,"1.540,1.540,114970"
2025-10-19 14:52:33.066,106.195,Mode: FILL
2025-10-19 14:52:33.117,106.247,Fill Time: 97 s
2025-10-19 14:52:33.169,106.298,"3.380,1.540,115170"
2025-10-19 14:52:33.327,106.456,<no data>
2025-10-19 14:52:33.378,106.508,"2.690,2.230,115370"
2025-10-19 14:52:33.545,106.674,<no data>
2025-10-19 14:52:33.596,106.726,"2.690,2.230,115570"
2025-10-19 14:52:33.745,106.874,"2.690,1.540,115770"
2025-10-19 14:52:33.898,107.028,<no data>
2025-10-19 14:52:33.950,107.08,"2.690,3.380,115970"
2025-10-19 14:52:34.066,107.195,Mode: FILL
2025-10-19 14:52:34.117,107.247,Fill Time: 98 s
2025-10-19 14:52:34.168,107.298,"1.080,1.080,116170"
2025-10-19 14:52:34.329,107.459,<no data>
2025-10-19 14:52:34.381,107.51,"1.540,1.540,116370"
2025-10-19 14:52:34.544,107.673,<no data>
2025-10-19 14:52:34.595,107.725,"1.540,1.540,116570"
2025-10-19 14:52:34.745,107.874,"1.080,1.540,116770"
2025-10-19 14:52:34.917,108.046,<no data>
2025-10-19 14:52:34.969,108.099,"1.080,1.080,116970"
2025-10-19 14:52:35.066,108.195,Mode: FILL
2025-10-19 14:52:35.118,108.247,Fill Time: 99 s
2025-10-19 14:52:35.169,108.299,"1.540,1.080,117170"
2025-10-19 14:52:35.330,108.46,<no data>
2025-10-19 14:52:35.382,108.511,"0.390,2.230,117370"
2025-10-19 14:52:35.545,108.674,"1.540,2.230,117570"
2025-10-19 14:52:35.701,108.83,<no data>
2025-10-19 14:52:35.752,108.881,"1.540,1.540,117770"
2025-10-19 14:52:35.912,109.041,<no data>
2025-10-19 14:52:35.964,109.093,"2.690,1.540,117970"
2025-10-19 14:52:36.066,109.195,Mode: FILL
2025-10-19 14:52:36.118,109.247,Fill Time: 100 s
2025-10-19 14:52:36.170,109.299,"2.690,3.380,118170"
2025-10-19 14:52:36.333,109.462,<no data>
2025-10-19 14:52:36.385,109.514,"2.690,2.690,118370"
2025-10-19 14:52:36.545,109.674,"2.230,2.230,118570"
2025-10-19 14:52:36.712,109.841,<no data>
2025-10-19 14:52:36.764,109.893,"1.540,1.080,118770"
2025-10-19 14:52:36.930,110.059,<no data>
2025-10-19 14:52:36.982,110.111,"1.540,2.230,118970"
2025-10-19 14:52:37.066,110.196,Mode: FILL
2025-10-19 14:52:37.119,110.248,Fill Time: 101 s
2025-10-19 14:52:37.171,110.3,"0.390,0.390,119170"
2025-10-19 14:52:37.336,110.466,<no data>
2025-10-19 14:52:37.389,110.518,"2.230,2.690,119370"
2025-10-19 14:52:37.546,110.675,"0.390,2.690,119570"
2025-10-19 14:52:37.711,110.841,<no data>
2025-10-19 14:52:37.764,110.894,"1.540,3.840,119770"
2025-10-19 14:52:37.929,111.058,<no data>
2025-10-19 14:52:37.981,111.11,"1.540,2.230,119970"
2025-10-19 14:52:38.067,111.196,Mode: FILL
2025-10-19 14:52:38.121,111.251,Fill Time: 102 s
2025-10-19 14:52:38.175,111.304,"2.230,2.230,120170"
2025-10-19 14:52:38.338,111.468,<no data>
2025-10-19 14:52:38.391,111.52,"1.540,2.230,120370"
2025-10-19 14:52:38.546,111.676,"1.540,1.540,120570"
2025-10-19 14:52:38.713,111.842,<no data>
2025-10-19 14:52:38.766,111.895,"2.230,1.540,120770"
2025-10-19 14:52:38.930,112.059,<no data>
2025-10-19 14:52:38.984,112.113,"2.690,1.080,120970"
2025-10-19 14:52:39.066,112.196,Mode: FILL
2025-10-19 14:52:39.120,112.249,Fill Time: 103 s
2025-10-19 14:52:39.172,112.302,"1.080,2.230,121170"
2025-10-19 14:52:39.329,112.458,<no data>
2025-10-19 14:52:39.381,112.51,"1.080,3.380,121370"
2025-10-19 14:52:39.545,112.674,<no data>
2025-10-19 14:52:39.598,112.727,"0.390,1.540,121570"
2025-10-19 14:52:39.745,112.875,"2.230,1.540,121770"
2025-10-19 14:52:39.905,113.035,<no data>
2025-10-19 14:52:39.959,113.088,"1.540,1.540,121970"
2025-10-19 14:52:40.066,113.196,Mode: FILL
2025-10-19 14:52:40.120,113.25,Fill Time: 104 s
2025-10-19 14:52:40.174,113.304,"1.080,3.380,122170"
2025-10-19 14:52:40.328,113.457,<no data>
2025-10-19 14:52:40.380,113.51,"1.540,3.380,122370"
2025-10-19 14:52:40.545,113.674,"2.690,2.230,122570"
2025-10-19 14:52:40.698,113.827,<no data>
2025-10-19 14:52:40.750,113.879,"3.840,3.840,122770"
2025-10-19 14:52:40.916,114.046,<no data>
2025-10-19 14:52:40.968,114.097,"1.080,3.380,122970"
2025-10-19 14:52:41.066,114.196,Mode: FILL
2025-10-19 14:52:41.118,114.247,Fill Time: 105 s
2025-10-19 14:52:41.169,114.298,"2.690,2.230,123170"
2025-10-19 14:52:41.323,114.452,<no data>
2025-10-19 14:52:41.375,114.504,"1.540,1.540,123370"
2025-10-19 14:52:41.534,114.663,<no data>
2025-10-19 14:52:41.585,114.715,"2.230,2.230,123570"
2025-10-19 14:52:41.745,114.874,"1.080,1.540,123770"
2025-10-19 14:52:41.916,115.046,<no data>
2025-10-19 14:52:41.968,115.097,"1.540,2.690,123970"
2025-10-19 14:52:42.066,115.195,Mode: FILL
2025-10-19 14:52:42.118,115.248,Fill Time: 106 s
2025-10-19 14:52:42.170,115.299,"1.080,1.080,124170"
2025-10-19 14:52:42.323,115.453,<no data>
2025-10-19 14:52:42.375,115.504,"2.230,2.690,124370"
2025-10-19 14:52:42.536,115.666,<no data>
2025-10-19 14:52:42.588,115.717,"3.840,1.080,124570"
2025-10-19 14:52:42.745,115.874,"1.540,3.380,124770"
2025-10-19 14:52:42.912,116.042,<no data>
2025-10-19 14:52:42.964,116.093,"2.230,2.230,124970"
2025-10-19 14:52:43.066,116.195,Mode: FILL
2025-10-19 14:52:43.117,116.247,Fill Time: 107 s
2025-10-19 14:52:43.169,116.298,"2.230,1.080,125170"
2025-10-19 14:52:43.328,116.458,<no data>
2025-10-19 14:52:43.379,116.509,"2.230,2.230,125370"
2025-10-19 14:52:43.545,116.674,"2.230,1.080,125570"
2025-10-19 14:52:43.709,116.838,<no data>
2025-10-19 14:52:43.760,116.889,"1.540,2.690,125770"
2025-10-19 14:52:43.915,117.044,<no data>
2025-10-19 14:52:43.966,117.096,"2.230,1.540,125970"
2025-10-19 14:52:44.066,117.195,Mode: FILL
2025-10-19 14:52:44.118,117.247,Fill Time: 108 s
2025-10-19 14:52:44.169,117.299,"1.540,2.230,126170"
2025-10-19 14:52:44.332,117.462,<no data>
2025-10-19 14:52:44.384,117.514,"1.540,1.540,126370"
2025-10-19 14:52:44.539,117.669,<no data>
2025-10-19 14:52:44.591,117.721,"1.540,1.080,126570"
2025-10-19 14:52:44.745,117.874,"2.230,3.840,126770"
2025-10-19 14:52:44.912,118.042,<no data>
2025-10-19 14:52:44.963,118.092,"2.690,2.690,126970"
2025-10-19 14:52:45.066,118.195,Mode: FILL
2025-10-19 14:52:45.119,118.248,Fill Time: 109 s
2025-10-19 14:52:45.170,118.3,"0.390,0.390,127170"
2025-10-19 14:52:45.334,118.464,<no data>
2025-10-19 14:52:45.386,118.515,"1.540,1.540,127370"
2025-10-19 14:52:45.545,118.674,"2.230,2.230,127570"
2025-10-19 14:52:45.712,118.842,<no data>
2025-10-19 14:52:45.764,118.893,"1.540,2.690,127770"
2025-10-19 14:52:45.925,119.054,<no data>
2025-10-19 14:52:45.976,119.105,"2.230,1.540,127970"
2025-10-19 14:52:46.066,119.195,Mode: FILL
2025-10-19 14:52:46.118,119.248,Fill Time: 110 s
2025-10-19 14:52:46.170,119.3,"2.230,1.540,128170"
2025-10-19 14:52:46.333,119.462,<no data>
2025-10-19 14:52:46.384,119.514,"2.690,1.540,128370"
2025-10-19 14:52:46.545,119.674,"2.230,2.230,128570"
2025-10-19 14:52:46.711,119.84,<no data>
2025-10-19 14:52:46.762,119.891,"2.690,1.080,128770"
2025-10-19 14:52:46.927,120.057,<no data>
2025-10-19 14:52:46.979,120.108,"1.080,2.230,128970"
2025-10-19 14:52:47.066,120.196,Mode: FILL
2025-10-19 14:52:47.118,120.247,Fill Time: 111 s
2025-10-19 14:52:47.169,120.299,"1.540,1.540,129170"
2025-10-19 14:52:47.328,120.458,<no data>
2025-10-19 14:52:47.379,120.509,"3.380,3.380,129370"
2025-10-19 14:52:47.545,120.674,<no data>
2025-10-19 14:52:47.596,120.725,"1.080,3.380,129570"
2025-10-19 14:52:47.745,120.874,"2.230,1.540,129770"
2025-10-19 14:52:47.899,121.029,<no data>
2025-10-19 14:52:47.951,121.08,"1.540,1.540,129970"
2025-10-19 14:52:48.066,121.195,Mode: FILL
2025-10-19 14:52:48.118,121.248,Fill Time: 112 s
2025-10-19 14:52:48.170,121.299,"1.540,2.690,130170"
2025-10-19 14:52:48.328,121.458,<no data>
2025-10-19 14:52:48.380,121.509,"1.080,2.690,130370"
2025-10-19 14:52:48.545,121.674,"2.230,2.230,130570"
2025-10-19 14:52:48.702,121.832,<no data>
2025-10-19 14:52:48.754,121.884,"1.540,1.540,130770"
2025-10-19 14:52:48.916,122.045,<no data>
2025-10-19 14:52:48.968,122.097,"3.840,1.540,130970"
2025-10-19 14:52:49.066,122.195,Mode: FILL
2025-10-19 14:52:49.117,122.247,Fill Time: 113 s
2025-10-19 14:52:49.169,122.298,"1.540,3.380,131170"
2025-10-19 14:52:49.329,122.458,<no data>
2025-10-19 14:52:49.380,122.509,"3.380,3.380,131370"
2025-10-19 14:52:49.545,122.674,"2.230,1.540,131570"
2025-10-19 14:52:49.699,122.829,<no data>
2025-10-19 14:52:49.751,122.88,"2.690,1.080,131770"
2025-10-19 14:52:49.907,123.037,<no data>
2025-10-19 14:52:49.959,123.088,"2.230,2.230,131970"
2025-10-19 14:52:50.066,123.195,Mode: FILL
2025-10-19 14:52:50.118,123.248,Fill Time: 114 s
2025-10-19 14:52:50.170,123.299,"2.690,2.690,132170"
2025-10-19 14:52:50.333,123.462,<no data>
2025-10-19 14:52:50.384,123.513,"1.540,2.690,132370"
2025-10-19 14:52:50.544,123.674,<no data>
2025-10-19 14:52:50.596,123.725,"1.080,2.230,132570"
2025-10-19 14:52:50.745,123.874,"1.540,1.540,132770"
2025-10-19 14:52:50.911,124.04,<no data>
2025-10-19 14:52:50.962,124.092,"2.690,2.690,132970"
2025-10-19 14:52:51.066,124.195,Mode: FILL
2025-10-19 14:52:51.118,124.248,Fill Time: 115 s
2025-10-19 14:52:51.171,124.301,"2.690,1.080,133170"
2025-10-19 14:52:51.328,124.458,<no data>
2025-10-19 14:52:51.380,124.51,"2.690,2.690,133370"
2025-10-19 14:52:51.534,124.664,<no data>
2025-10-19 14:52:51.585,124.715,"3.380,1.540,133570"
2025-10-19 14:52:51.745,124.874,"3.380,2.690,133770"
2025-10-19 14:52:51.901,125.031,<no data>
2025-10-19 14:52:51.953,125.082,"1.080,2.230,133970"
2025-10-19 14:52:52.066,125.195,Mode: FILL
2025-10-19 14:52:52.118,125.247,Fill Time: 116 s
2025-10-19 14:52:52.172,125.301,"1.540,2.690,134170"
2025-10-19 14:52:52.334,125.464,<no data>
2025-10-19 14:52:52.386,125.515,"1.080,1.080,134370"
2025-10-19 14:52:52.540,125.67,<no data>
2025-10-19 14:52:52.591,125.721,"2.230,2.230,134570"
2025-10-19 14:52:52.745,125.874,"0.390,1.540,134770"
2025-10-19 14:52:52.908,126.038,<no data>
2025-10-19 14:52:52.960,126.089,"2.690,4.990,134970"
2025-10-19 14:52:53.066,126.195,Mode: FILL
2025-10-19 14:52:53.117,126.247,Fill Time: 117 s
2025-10-19 14:52:53.169,126.298,"3.380,3.380,135170"
2025-10-19 14:52:53.328,126.457,<no data>
2025-10-19 14:52:53.379,126.508,"1.080,2.230,135370"
2025-10-19 14:52:53.543,126.673,<no data>
2025-10-19 14:52:53.594,126.724,"1.080,2.690,135570"
2025-10-19 14:52:53.745,126.874,"1.080,2.690,135770"
2025-10-19 14:52:53.911,127.041,<no data>
2025-10-19 14:52:53.963,127.092,"3.840,2.230,135970"
2025-10-19 14:52:54.066,127.195,Mode: FILL
2025-10-19 14:52:54.119,127.249,Fill Time: 118 s
2025-10-19 14:52:54.171,127.3,"1.540,1.540,136170"
2025-10-19 14:52:54.325,127.454,<no data>
2025-10-19 14:52:54.377,127.506,"3.380,1.540,136370"
2025-10-19 14:52:54.539,127.669,<no data>
2025-10-19 14:52:54.591,127.721,"2.690,2.690,136570"
2025-10-19 14:52:54.745,127.874,"1.540,2.690,136770"
2025-10-19 14:52:54.904,128.034,<no data>
2025-10-19 14:52:54.955,128.085,"1.080,2.230,136970"
2025-10-19 14:52:55.066,128.195,Mode: FILL
2025-10-19 14:52:55.118,128.248,Fill Time: 119 s
2025-10-19 14:52:55.170,128.299,"2.230,2.690,137170"
2025-10-19 14:52:55.333,128.462,<no data>
2025-10-19 14:52:55.384,128.514,"2.230,2.230,137370"
2025-10-19 14:52:55.546,128.675,"-0.070,2.230,137570"
2025-10-19 14:52:55.712,128.841,<no data>
2025-10-19 14:52:55.763,128.892,"1.540,2.230,137770"
2025-10-19 14:52:55.918,129.048,<no data>
2025-10-19 14:52:55.970,129.099,"2.690,1.540,137970"
2025-10-19 14:52:56.066,129.195,Mode: FILL
2025-10-19 14:52:56.118,129.247,Fill Time: 120 s
2025-10-19 14:52:56.170,129.3,"2.690,1.540,138170"
2025-10-19 14:52:56.328,129.458,<no data>
2025-10-19 14:52:56.380,129.51,"1.540,1.540,138370"
2025-10-19 14:52:56.545,129.674,"1.540,2.690,138570"
2025-10-19 14:52:56.702,129.831,<no data>
2025-10-19 14:52:56.753,129.882,"2.690,2.690,138770"
2025-10-19 14:52:56.916,130.046,<no data>
2025-10-19 14:52:56.969,130.099,"2.690,1.080,138970"
2025-10-19 14:52:57.066,130.195,Mode: FILL
2025-10-19 14:52:57.118,130.248,Fill Time: 121 s
2025-10-19 14:52:57.170,130.3,"1.540,1.080,139170"
2025-10-19 14:52:57.329,130.459,<no data>
2025-10-19 14:52:57.381,130.51,"1.540,1.540,139370"
2025-10-19 14:52:57.545,130.674,"1.540,1.540,139570"
2025-10-19 14:52:57.700,130.829,<no data>
2025-10-19 14:52:57.751,130.88,"1.080,2.230,139770"
2025-10-19 14:52:57.909,131.039,<no data>
2025-10-19 14:52:57.960,131.09,"1.540,3.380,139970"
2025-10-19 14:52:58.066,131.195,Mode: FILL
2025-10-19 14:52:58.118,131.248,Fill Time: 122 s
2025-10-19 14:52:58.170,131.3,"2.690,2.230,140170"
2025-10-19 14:52:58.331,131.46,<no data>
2025-10-19 14:52:58.383,131.512,"1.540,2.230,140370"
2025-10-19 14:52:58.546,131.676,"1.540,2.230,140570"
2025-10-19 14:52:58.716,131.846,<no data>
2025-10-19 14:52:58.768,131.897,"1.540,1.540,140770"
2025-10-19 14:52:58.928,132.057,<no data>
2025-10-19 14:52:58.980,132.11,"2.690,2.690,140970"
2025-10-19 14:52:59.066,132.195,Mode: FILL
2025-10-19 14:52:59.117,132.247,Fill Time: 123 s
2025-10-19 14:52:59.168,132.298,"2.230,0.390,141170"
2025-10-19 14:52:59.327,132.456,<no data>
2025-10-19 14:52:59.378,132.508,"2.230,2.230,141370"
2025-10-19 14:52:59.535,132.664,<no data>
2025-10-19 14:52:59.586,132.715,"1.540,2.230,141570"
2025-10-19 14:52:59.745,132.874,"1.540,1.540,141770"
2025-10-19 14:52:59.910,133.039,<no data>
2025-10-19 14:52:59.961,133.09,"1.080,1.540,141970"
2025-10-19 14:53:00.066,133.195,Mode: FILL
2025-10-19 14:53:00.117,133.246,Fill Time: 124 s
2025-10-19 14:53:00.169,133.298,"2.230,3.840,142170"
2025-10-19 14:53:00.330,133.459,<no data>
2025-10-19 14:53:00.381,133.511,"2.690,2.230,142370"
2025-10-19 14:53:00.536,133.666,<no data>
2025-10-19 14:53:00.588,133.717,"1.540,0.390,142570"
2025-10-19 14:53:00.745,133.874,"1.540,3.840,142770"
2025-10-19 14:53:00.912,134.041,<no data>
2025-10-19 14:53:00.964,134.093,"2.230,3.380,142970"
2025-10-19 14:53:01.066,134.195,Mode: FILL
2025-10-19 14:53:01.117,134.247,Fill Time: 125 s
2025-10-19 14:53:01.168,134.298,"1.080,1.080,143170"
2025-10-19 14:53:01.333,134.462,<no data>
2025-10-19 14:53:01.384,134.514,"2.230,2.690,143370"
2025-10-19 14:53:01.545,134.674,"2.230,2.230,143570"
2025-10-19 14:53:01.713,134.842,<no data>
2025-10-19 14:53:01.764,134.893,"2.230,2.230,143770"
2025-10-19 14:53:01.928,135.057,<no data>
2025-10-19 14:53:01.980,135.109,"2.230,2.230,143970"
2025-10-19 14:53:02.066,135.195,Mode: FILL
2025-10-19 14:53:02.118,135.247,Fill Time: 126 s
2025-10-19 14:53:02.171,135.3,"1.540,2.690,144170"
2025-10-19 14:53:02.334,135.464,<no data>
2025-10-19 14:53:02.386,135.515,"2.230,2.230,144370"
2025-10-19 14:53:02.546,135.675,"2.230,2.230,144570"
2025-10-19 14:53:02.701,135.831,<no data>
2025-10-19 14:53:02.752,135.881,"1.540,3.840,144770"
2025-10-19 14:53:02.915,136.044,<no data>
2025-10-19 14:53:02.966,136.095,"1.540,3.380,144970"
2025-10-19 14:53:03.066,136.195,Mode: FILL
2025-10-19 14:53:03.117,136.246,Fill Time: 127 s
2025-10-19 14:53:03.168,136.298,"1.540,1.540,145170"
2025-10-19 14:53:03.331,136.461,<no data>
2025-10-19 14:53:03.383,136.512,"2.230,2.230,145370"
2025-10-19 14:53:03.544,136.674,<no data>
2025-10-19 14:53:03.595,136.725,"2.230,2.690,145570"
2025-10-19 14:53:03.745,136.874,"2.230,2.690,145770"
2025-10-19 14:53:03.915,137.045,<no data>
2025-10-19 14:53:03.968,137.097,"1.540,3.380,145970"
2025-10-19 14:53:04.066,137.195,Mode: FILL
2025-10-19 14:53:04.117,137.247,Fill Time: 128 s
2025-10-19 14:53:04.171,137.3,"2.230,3.380,146170"
2025-10-19 14:53:04.328,137.458,<no data>
2025-10-19 14:53:04.380,137.51,"2.690,1.540,146370"
2025-10-19 14:53:04.544,137.674,<no data>
2025-10-19 14:53:04.597,137.726,"1.080,2.690,146570"
2025-10-19 14:53:04.745,137.874,"1.080,1.080,146770"
2025-10-19 14:53:04.898,138.028,<no data>
2025-10-19 14:53:04.950,138.08,"1.540,1.540,146970"
2025-10-19 14:53:05.066,138.195,Mode: FILL
2025-10-19 14:53:05.118,138.247,Fill Time: 129 s
2025-10-19 14:53:05.169,138.299,"2.230,2.230,147170"
2025-10-19 14:53:05.328,138.457,<no data>
2025-10-19 14:53:05.379,138.508,"2.690,2.230,147370"
2025-10-19 14:53:05.545,138.675,"1.080,1.080,147570"
2025-10-19 14:53:05.701,138.831,<no data>
2025-10-19 14:53:05.755,138.885,"3.840,2.230,147770"
2025-10-19 14:53:05.911,139.04,<no data>
2025-10-19 14:53:05.962,139.092,"2.230,2.230,147970"
2025-10-19 14:53:06.066,139.195,Mode: FILL
2025-10-19 14:53:06.117,139.247,Fill Time: 130 s
2025-10-19 14:53:06.169,139.299,"1.540,1.540,148170"
2025-10-19 14:53:06.331,139.46,<no data>
2025-10-19 14:53:06.384,139.513,"2.230,3.380,148370"
2025-10-19 14:53:06.546,139.675,"2.690,2.690,148570"
2025-10-19 14:53:06.699,139.829,<no data>
2025-10-19 14:53:06.753,139.882,"2.690,1.540,148770"
2025-10-19 14:53:06.906,140.036,<no data>
2025-10-19 14:53:06.959,140.089,"2.690,2.690,148970"
2025-10-19 14:53:07.066,140.196,Mode: FILL
2025-10-19 14:53:07.119,140.249,Fill Time: 131 s
2025-10-19 14:53:07.173,140.303,"3.380,3.380,149170"
2025-10-19 14:53:07.335,140.465,<no data>
2025-10-19 14:53:07.387,140.516,"2.690,1.080,149370"
2025-10-19 14:53:07.544,140.673,<no data>
2025-10-19 14:53:07.595,140.724,"1.540,2.690,149570"
2025-10-19 14:53:07.745,140.874,"2.690,2.690,149770"
2025-10-19 14:53:07.897,141.026,<no data>
2025-10-19 14:53:07.949,141.079,"0.390,2.690,149970"
2025-10-19 14:53:08.066,141.195,Mode: FILL
2025-10-19 14:53:08.117,141.247,Fill Time: 132 s
2025-10-19 14:53:08.168,141.298,"1.080,2.230,150170"
2025-10-19 14:53:08.328,141.457,<no data>
2025-10-19 14:53:08.380,141.509,"1.080,3.380,150370"
2025-10-19 14:53:08.538,141.667,<no data>
2025-10-19 14:53:08.589,141.719,"2.690,2.230,150570"
2025-10-19 14:53:08.744,141.874,"2.690,1.540,150770"
2025-10-19 14:53:08.898,142.027,<no data>
2025-10-19 14:53:08.950,142.079,"3.380,1.540,150970"
2025-10-19 14:53:09.066,142.195,Mode: FILL
2025-10-19 14:53:09.117,142.246,Fill Time: 133 s
2025-10-19 14:53:09.169,142.298,"3.380,3.380,151170"
2025-10-19 14:53:09.328,142.458,<no data>
2025-10-19 14:53:09.380,142.509,"3.380,1.540,151370"
2025-10-19 14:53:09.546,142.675,"1.540,-0.760,151570"
2025-10-19 14:53:09.713,142.842,<no data>
2025-10-19 14:53:09.765,142.894,"3.380,2.230,151770"
2025-10-19 14:53:09.928,143.057,<no data>
2025-10-19 14:53:09.980,143.11,"2.230,2.230,151970"
2025-10-19 14:53:10.103,143.233,Mode: FILL
2025-10-19 14:53:10.167,143.296,Fill Time: 134 s
2025-10-19 14:53:10.219,143.348,"3.380,2.230,152170"
2025-10-19 14:53:10.345,143.474,"3.380,1.540,152370"
2025-10-19 14:53:10.500,143.629,<no data>
2025-10-19 14:53:10.552,143.681,"2.690,2.690,152570"
2025-10-19 14:53:10.708,143.838,<no data>
2025-10-19 14:53:10.760,143.89,"1.540,1.540,152770"
2025-10-19 14:53:10.915,144.044,<no data>
2025-10-19 14:53:10.969,144.098,"2.230,3.380,152970"
2025-10-19 14:53:11.066,144.195,Mode: FILL
2025-10-19 14:53:11.117,144.246,Fill Time: 135 s
2025-10-19 14:53:11.168,144.298,"1.080,3.840,153170"
2025-10-19 14:53:11.325,144.454,<no data>
2025-10-19 14:53:11.376,144.505,"2.690,2.690,153370"
2025-10-19 14:53:11.529,144.659,<no data>
2025-10-19 14:53:11.581,144.71,"2.230,2.230,153570"
2025-10-19 14:53:11.740,144.869,<no data>
2025-10-19 14:53:11.792,144.921,"2.230,2.230,153770"
2025-10-19 14:53:11.944,145.074,"2.690,2.230,153970"
2025-10-19 14:53:12.066,145.195,Mode: FILL
2025-10-19 14:53:12.118,145.248,Fill Time: 136 s
2025-10-19 14:53:12.171,145.3,"2.230,-0.070,154170"
2025-10-19 14:53:12.335,145.465,<no data>
2025-10-19 14:53:12.388,145.518,"1.540,1.080,154370"
2025-10-19 14:53:12.546,145.675,"1.540,2.690,154570"
2025-10-19 14:53:12.712,145.842,<no data>
2025-10-19 14:53:12.766,145.896,"2.690,2.690,154770"
2025-10-19 14:53:12.934,146.063,<no data>
2025-10-19 14:53:12.985,146.115,"1.080,2.230,154970"
2025-10-19 14:53:13.066,146.195,Mode: FILL
2025-10-19 14:53:13.119,146.248,Fill Time: 137 s
2025-10-19 14:53:13.171,146.301,"1.540,2.230,155170"
2025-10-19 14:53:13.330,146.459,<no data>
2025-10-19 14:53:13.383,146.513,"1.540,1.080,155370"
2025-10-19 14:53:13.545,146.675,"2.230,2.230,155570"
2025-10-19 14:53:13.698,146.827,<no data>
2025-10-19 14:53:13.753,146.882,"2.690,2.690,155770"
2025-10-19 14:53:13.914,147.043,<no data>
2025-10-19 14:53:13.967,147.096,"3.840,2.230,155970"
2025-10-19 14:53:14.066,147.195,Mode: FILL
2025-10-19 14:53:14.122,147.252,Fill Time: 138 s
2025-10-19 14:53:14.174,147.304,"2.230,1.540,156170"
2025-10-19 14:53:14.330,147.459,<no data>
2025-10-19 14:53:14.382,147.511,"1.540,2.690,156370"
2025-10-19 14:53:14.545,147.674,"2.230,2.690,156570"
2025-10-19 14:53:14.700,147.829,<no data>
2025-10-19 14:53:14.751,147.881,"3.380,3.380,156770"
2025-10-19 14:53:14.914,148.044,<no data>
2025-10-19 14:53:14.966,148.096,"0.390,0.390,156970"
2025-10-19 14:53:15.066,148.195,Mode: FILL
2025-10-19 14:53:15.120,148.249,Fill Time: 139 s
2025-10-19 14:53:15.172,148.301,"1.540,2.690,157170"
2025-10-19 14:53:15.330,148.46,<no data>
2025-10-19 14:53:15.382,148.512,"3.380,3.840,157370"
2025-10-19 14:53:15.544,148.674,"1.540,1.540,157570"
2025-10-19 14:53:15.712,148.842,<no data>
2025-10-19 14:53:15.764,148.893,"1.080,1.080,157770"
2025-10-19 14:53:15.932,149.062,<no data>
2025-10-19 14:53:15.985,149.114,"0.390,3.840,157970"
2025-10-19 14:53:16.066,149.196,Mode: FILL
2025-10-19 14:53:16.119,149.249,Fill Time: 140 s
2025-10-19 14:53:16.173,149.302,"-0.070,2.230,158170"
2025-10-19 14:53:16.330,149.46,<no data>
2025-10-19 14:53:16.383,149.512,"3.380,3.380,158370"
2025-10-19 14:53:16.545,149.674,"1.080,1.080,158570"
2025-10-19 14:53:16.712,149.842,<no data>
2025-10-19 14:53:16.765,149.894,"2.230,2.690,158770"
2025-10-19 14:53:16.930,150.059,<no data>
2025-10-19 14:53:16.985,150.115,"2.690,2.690,158970"
2025-10-19 14:53:17.065,150.195,Mode: FILL
2025-10-19 14:53:17.118,150.248,Fill Time: 141 s
2025-10-19 14:53:17.170,150.299,"2.230,2.230,159170"
2025-10-19 14:53:17.323,150.453,<no data>
2025-10-19 14:53:17.376,150.506,"1.540,2.230,159370"
2025-10-19 14:53:17.542,150.671,<no data>
2025-10-19 14:53:17.593,150.723,"2.690,2.690,159570"
2025-10-19 14:53:17.744,150.874,"1.540,2.230,159770"
2025-10-19 14:53:17.897,151.026,<no data>
2025-10-19 14:53:17.949,151.079,"1.540,1.540,159970"
2025-10-19 14:53:18.066,151.195,Mode: FILL
2025-10-19 14:53:18.118,151.247,Fill Time: 142 s
2025-10-19 14:53:18.171,151.3,"2.230,1.540,160170"
2025-10-19 14:53:18.328,151.458,<no data>
2025-10-19 14:53:18.380,151.509,"1.540,0.390,160370"
2025-10-19 14:53:18.544,151.674,"3.840,2.230,160570"
2025-10-19 14:53:18.701,151.831,<no data>
2025-10-19 14:53:18.753,151.882,"1.540,2.690,160770"
2025-10-19 14:53:18.912,152.042,<no data>
2025-10-19 14:53:18.964,152.093,"1.540,2.230,160970"
2025-10-19 14:53:19.066,152.195,Mode: FILL
2025-10-19 14:53:19.118,152.247,Fill Time: 143 s
2025-10-19 14:53:19.171,152.3,"2.230,2.230,161170"
2025-10-19 14:53:19.337,152.467,<no data>
2025-10-19 14:53:19.390,152.519,"1.540,1.540,161370"
2025-10-19 14:53:19.545,152.675,"1.540,2.230,161570"
2025-10-19 14:53:19.704,152.834,<no data>
2025-10-19 14:53:19.756,152.885,"2.230,2.690,161770"
2025-10-19 14:53:19.915,153.044,<no data>
2025-10-19 14:53:19.968,153.098,"2.690,2.230,161970"
2025-10-19 14:53:20.066,153.195,Mode: FILL
2025-10-19 14:53:20.117,153.246,Fill Time: 144 s
2025-10-19 14:53:20.168,153.298,"2.690,2.690,162170"
2025-10-19 14:53:20.331,153.461,<no data>
2025-10-19 14:53:20.384,153.514,"2.230,2.230,162370"
2025-10-19 14:53:20.545,153.674,"2.690,1.080,162570"
2025-10-19 14:53:20.702,153.832,<no data>
2025-10-19 14:53:20.755,153.884,"2.230,2.690,162770"
2025-10-19 14:53:20.918,154.048,<no data>
2025-10-19 14:53:20.970,154.099,"1.540,1.540,162970"
2025-10-19 14:53:21.066,154.195,Mode: FILL
2025-10-19 14:53:21.118,154.247,Fill Time: 145 s
2025-10-19 14:53:21.172,154.301,"3.380,-0.070,163170"
2025-10-19 14:53:21.335,154.464,<no data>
2025-10-19 14:53:21.388,154.518,"2.230,3.380,163370"
2025-10-19 14:53:21.545,154.674,<no data>
2025-10-19 14:53:21.597,154.726,"1.540,1.540,163570"
2025-10-19 14:53:21.745,154.875,"2.230,1.080,163770"
2025-10-19 14:53:21.901,155.03,<no data>
2025-10-19 14:53:21.955,155.084,"1.540,0.390,163970"
2025-10-19 14:53:22.066,155.195,Mode: FILL
2025-10-19 14:53:22.117,155.246,Fill Time: 146 s
2025-10-19 14:53:22.168,155.298,"2.230,2.230,164170"
2025-10-19 14:53:22.330,155.459,<no data>
2025-10-19 14:53:22.383,155.513,"2.690,2.690,164370"
2025-10-19 14:53:22.544,155.674,"1.540,2.230,164570"
2025-10-19 14:53:22.698,155.827,<no data>
2025-10-19 14:53:22.755,155.885,"1.080,1.540,164770"
2025-10-19 14:53:22.914,156.044,<no data>
2025-10-19 14:53:22.966,156.095,"1.540,2.690,164970"
2025-10-19 14:53:23.065,156.195,Mode: FILL
2025-10-19 14:53:23.117,156.246,Fill Time: 147 s
2025-10-19 14:53:23.169,156.298,"1.540,1.540,165170"
2025-10-19 14:53:23.333,156.462,<no data>
2025-10-19 14:53:23.386,156.515,"2.690,3.380,165370"
2025-10-19 14:53:23.545,156.674,"2.690,2.690,165570"
2025-10-19 14:53:23.711,156.841,<no data>
2025-10-19 14:53:23.763,156.892,"3.380,3.380,165770"
2025-10-19 14:53:23.931,157.06,<no data>
2025-10-19 14:53:23.982,157.112,"2.690,2.690,165970"
2025-10-19 14:53:24.065,157.195,Mode: FILL
2025-10-19 14:53:24.117,157.246,Fill Time: 148 s
2025-10-19 14:53:24.168,157.298,"0.390,1.540,166170"
2025-10-19 14:53:24.330,157.46,<no data>
2025-10-19 14:53:24.383,157.512,"3.380,2.690,166370"
2025-10-19 14:53:24.545,157.674,"1.540,1.540,166570"
2025-10-19 14:53:24.702,157.832,<no data>
2025-10-19 14:53:24.754,157.883,"1.540,2.690,166770"
2025-10-19 14:53:24.912,158.041,<no data>
2025-10-19 14:53:24.964,158.094,"1.540,2.690,166970"
2025-10-19 14:53:25.065,158.195,Mode: FILL
2025-10-19 14:53:25.118,158.247,Fill Time: 149 s
2025-10-19 14:53:25.171,158.3,"1.080,1.080,167170"
2025-10-19 14:53:25.329,158.459,<no data>
2025-10-19 14:53:25.383,158.513,"2.230,2.230,167370"
2025-10-19 14:53:25.544,158.674,"3.380,1.540,167570"
2025-10-19 14:53:25.715,158.845,<no data>
2025-10-19 14:53:25.769,158.898,"1.540,1.080,167770"
2025-10-19 14:53:25.930,159.06,<no data>
2025-10-19 14:53:25.982,159.112,"1.540,2.230,167970"
2025-10-19 14:53:26.066,159.195,Mode: FILL
2025-10-19 14:53:26.118,159.247,Fill Time: 150 s
2025-10-19 14:53:26.169,159.299,"1.540,1.540,168170"
2025-10-19 14:53:26.334,159.464,<no data>
2025-10-19 14:53:26.386,159.516,"2.690,1.540,168370"
2025-10-19 14:53:26.544,159.674,"2.230,2.230,168570"
2025-10-19 14:53:26.712,159.842,<no data>
2025-10-19 14:53:26.767,159.896,"2.690,1.540,168770"
2025-10-19 14:53:26.929,160.058,<no data>
2025-10-19 14:53:26.982,160.112,"2.230,1.540,168970"
2025-10-19 14:53:27.066,160.195,Mode: FILL
2025-10-19 14:53:27.118,160.247,Fill Time: 151 s
2025-10-19 14:53:27.171,160.301,"1.080,2.690,169170"
2025-10-19 14:53:27.336,160.465,<no data>
2025-10-19 14:53:27.390,160.519,"1.540,1.540,169370"
2025-10-19 14:53:27.545,160.674,"0.390,0.390,169570"
2025-10-19 14:53:27.713,160.842,<no data>
2025-10-19 14:53:27.766,160.896,"2.230,2.230,169770"
2025-10-19 14:53:27.930,161.059,<no data>
2025-10-19 14:53:27.982,161.112,"1.540,1.080,169970"
2025-10-19 14:53:28.065,161.195,Mode: FILL
2025-10-19 14:53:28.117,161.246,Fill Time: 152 s
2025-10-19 14:53:28.169,161.298,"3.840,2.690,170170"
2025-10-19 14:53:28.335,161.464,<no data>
2025-10-19 14:53:28.390,161.519,"2.690,2.690,170370"
2025-10-19 14:53:28.544,161.674,"1.540,2.230,170570"
2025-10-19 14:53:28.710,161.84,<no data>
2025-10-19 14:53:28.761,161.891,"2.690,2.230,170770"
2025-10-19 14:53:28.914,162.044,<no data>
2025-10-19 14:53:28.966,162.095,"2.230,2.230,170970"
2025-10-19 14:53:29.066,162.195,Mode: FILL
2025-10-19 14:53:29.118,162.247,Fill Time: 153 s
2025-10-19 14:53:29.171,162.301,"2.230,2.230,171170"
2025-10-19 14:53:29.329,162.458,<no data>
2025-10-19 14:53:29.382,162.511,"2.230,2.230,171370"
2025-10-19 14:53:29.539,162.669,<no data>
2025-10-19 14:53:29.593,162.723,"3.380,1.540,171570"
2025-10-19 14:53:29.746,162.876,"2.230,2.230,171770"
2025-10-19 14:53:29.905,163.035,<no data>
2025-10-19 14:53:29.959,163.089,"1.080,1.080,171970"
2025-10-19 14:53:30.067,163.196,Mode: FILL
2025-10-19 14:53:30.120,163.249,Fill Time: 154 s
2025-10-19 14:53:30.171,163.301,"2.230,1.540,172170"
2025-10-19 14:53:30.331,163.461,<no data>
2025-10-19 14:53:30.383,163.512,"1.540,2.230,172370"
2025-10-19 14:53:30.545,163.675,"2.230,2.230,172570"
2025-10-19 14:53:30.714,163.843,<no data>
2025-10-19 14:53:30.767,163.897,"1.540,3.380,172770"
2025-10-19 14:53:30.923,164.052,<no data>
2025-10-19 14:53:30.975,164.104,"1.540,1.080,172970"
2025-10-19 14:53:31.066,164.196,Mode: FILL
2025-10-19 14:53:31.119,164.248,Fill Time: 155 s
2025-10-19 14:53:31.170,164.3,"2.230,3.380,173170"
2025-10-19 14:53:31.329,164.458,<no data>
2025-10-19 14:53:31.383,164.513,"2.690,2.690,173370"
2025-10-19 14:53:31.545,164.675,"2.230,2.230,173570"
2025-10-19 14:53:31.700,164.829,<no data>
2025-10-19 14:53:31.752,164.882,"2.230,1.540,173770"
2025-10-19 14:53:31.919,165.049,<no data>
2025-10-19 14:53:31.973,165.103,"2.230,2.230,173970"
2025-10-19 14:53:32.066,165.195,Mode: FILL
2025-10-19 14:53:32.120,165.25,Fill Time: 156 s
2025-10-19 14:53:32.174,165.303,"2.230,2.230,174170"
2025-10-19 14:53:32.330,165.46,<no data>
2025-10-19 14:53:32.385,165.514,"1.540,1.540,174370"
2025-10-19 14:53:32.546,165.675,"2.690,3.380,174570"
2025-10-19 14:53:32.715,165.845,<no data>
2025-10-19 14:53:32.768,165.897,"3.380,1.080,174770"
2025-10-19 14:53:32.934,166.064,<no data>
2025-10-19 14:53:32.987,166.116,"1.540,1.540,174970"
2025-10-19 14:53:33.066,166.195,Mode: FILL
2025-10-19 14:53:33.118,166.247,Fill Time: 157 s
2025-10-19 14:53:33.170,166.3,"1.540,1.080,175170"
2025-10-19 14:53:33.329,166.459,<no data>
2025-10-19 14:53:33.383,166.513,"2.230,2.230,175370"
2025-10-19 14:53:33.544,166.674,"3.380,0.390,175570"
2025-10-19 14:53:33.699,166.829,<no data>
2025-10-19 14:53:33.751,166.88,"2.230,2.690,175770"
2025-10-19 14:53:33.911,167.04,<no data>
2025-10-19 14:53:33.963,167.093,"2.230,2.230,175970"
2025-10-19 14:53:34.066,167.196,Mode: FILL
2025-10-19 14:53:34.119,167.249,Fill Time: 158 s
2025-10-19 14:53:34.172,167.301,"2.690,2.690,176170"
2025-10-19 14:53:34.333,167.462,<no data>
2025-10-19 14:53:34.386,167.516,"2.690,2.230,176370"
2025-10-19 14:53:34.546,167.675,"1.540,2.690,176570"
2025-10-19 14:53:34.712,167.842,<no data>
2025-10-19 14:53:34.765,167.895,"1.540,-0.760,176770"
2025-10-19 14:53:34.930,168.06,<no data>
2025-10-19 14:53:34.984,168.113,"1.080,2.230,176970"
2025-10-19 14:53:35.066,168.195,Mode: FILL
2025-10-19 14:53:35.118,168.247,Fill Time: 159 s
2025-10-19 14:53:35.170,168.299,"2.230,2.230,177170"
2025-10-19 14:53:35.333,168.463,<no data>
2025-10-19 14:53:35.387,168.517,"3.380,2.230,177370"
2025-10-19 14:53:35.545,168.674,"2.230,3.380,177570"
2025-10-19 14:53:35.712,168.841,<no data>
2025-10-19 14:53:35.765,168.894,"1.540,1.540,177770"
2025-10-19 14:53:35.929,169.059,<no data>
2025-10-19 14:53:35.984,169.114,"2.690,2.690,177970"
2025-10-19 14:53:36.066,169.196,Mode: FILL
2025-10-19 14:53:36.120,169.25,Fill Time: 160 s
2025-10-19 14:53:36.173,169.302,"2.690,2.690,178170"
2025-10-19 14:53:36.331,169.46,<no data>
2025-10-19 14:53:36.387,169.517,"1.080,3.380,178370"
2025-10-19 14:53:36.544,169.674,"2.230,1.540,178570"
2025-10-19 14:53:36.713,169.843,<no data>
2025-10-19 14:53:36.765,169.895,"2.230,2.230,178770"
2025-10-19 14:53:36.931,170.061,<no data>
2025-10-19 14:53:36.985,170.114,"1.540,1.540,178970"
2025-10-19 14:53:37.066,170.195,Mode: FILL
2025-10-19 14:53:37.119,170.248,Fill Time: 161 s
2025-10-19 14:53:37.171,170.3,"1.540,2.690,179170"
2025-10-19 14:53:37.344,170.474,"2.230,2.690,179370"
2025-10-19 14:53:37.514,170.643,<no data>
2025-10-19 14:53:37.568,170.697,"1.540,1.540,179570"
2025-10-19 14:53:37.733,170.863,<no data>
2025-10-19 14:53:37.785,170.914,"1.080,2.230,179770"
2025-10-19 14:53:37.941,171.071,<no data>
2025-10-19 14:53:37.992,171.122,"1.540,2.230,179970"
2025-10-19 14:53:38.066,171.195,Mode: FILL
2025-10-19 14:53:38.117,171.247,Fill Time: 162 s
2025-10-19 14:53:38.169,171.298,"2.690,2.690,180170"
2025-10-19 14:53:38.331,171.46,<no data>
2025-10-19 14:53:38.383,171.512,"2.690,2.690,180370"
2025-10-19 14:53:38.536,171.666,<no data>
2025-10-19 14:53:38.589,171.718,"2.230,1.540,180570"
2025-10-19 14:53:38.746,171.875,"1.540,1.540,180770"
2025-10-19 14:53:38.912,172.041,<no data>
2025-10-19 14:53:38.966,172.095,"2.230,2.690,180970"
2025-10-19 14:53:39.066,172.196,Mode: FILL
2025-10-19 14:53:39.120,172.249,Fill Time: 163 s
2025-10-19 14:53:39.173,172.302,"1.540,2.690,181170"
2025-10-19 14:53:39.328,172.457,<no data>
2025-10-19 14:53:39.382,172.512,"1.080,1.540,181370"
2025-10-19 14:53:39.547,172.676,"1.080,-0.070,181570"
2025-10-19 14:53:39.713,172.843,<no data>
2025-10-19 14:53:39.767,172.896,"1.080,1.080,181770"
2025-10-19 14:53:39.931,173.061,<no data>
2025-10-19 14:53:39.985,173.114,"2.230,1.540,181970"
2025-10-19 14:53:40.066,173.195,Mode: FILL
2025-10-19 14:53:40.119,173.248,Fill Time: 164 s
2025-10-19 14:53:40.170,173.3,"1.080,1.540,182170"
