2025-10-19 15:27:41.621,0.097,<no data>
2025-10-19 15:27:41.785,0.261,<no data>
2025-10-19 15:27:41.938,0.413,<no data>
2025-10-19 15:27:42.098,0.573,<no data>
2025-10-19 15:27:42.261,0.736,<no data>
2025-10-19 15:27:42.423,0.899,<no data>
2025-10-19 15:27:42.585,1.061,<no data>
2025-10-19 15:27:42.738,1.213,<no data>
2025-10-19 15:27:42.903,1.379,<no data>
2025-10-19 15:27:43.070,1.546,<no data>
2025-10-19 15:27:43.234,1.71,<no data>
2025-10-19 15:27:43.389,1.864,<no data>
2025-10-19 15:27:43.555,2.03,<no data>
2025-10-19 15:27:43.716,2.191,<no data>
2025-10-19 15:27:43.869,2.345,<no data>
2025-10-19 15:27:44.022,2.498,<no data>
2025-10-19 15:27:44.188,2.663,<no data>
2025-10-19 15:27:44.355,2.831,<no data>
2025-10-19 15:27:44.520,2.996,<no data>
2025-10-19 15:27:44.688,3.163,<no data>
2025-10-19 15:27:44.841,3.317,<no data>
2025-10-19 15:27:45.003,3.479,<no data>
2025-10-19 15:27:45.170,3.646,<no data>
2025-10-19 15:27:45.338,3.813,<no data>
2025-10-19 15:27:45.500,3.976,<no data>
2025-10-19 15:27:45.654,4.129,<no data>
2025-10-19 15:27:45.811,4.287,<no data>
2025-10-19 15:27:45.972,4.448,<no data>
2025-10-19 15:27:46.135,4.611,<no data>
2025-10-19 15:27:46.288,4.764,<no data>
2025-10-19 15:27:46.454,4.93,<no data>
2025-10-19 15:27:46.621,5.096,<no data>
2025-10-19 15:27:46.787,5.263,<no data>
2025-10-19 15:27:46.954,5.429,<no data>
2025-10-19 15:27:47.120,5.596,<no data>
2025-10-19 15:27:47.273,5.749,<no data>
2025-10-19 15:27:47.435,5.911,<no data>
2025-10-19 15:27:47.597,6.073,<no data>
2025-10-19 15:27:47.760,6.235,<no data>
2025-10-19 15:27:47.917,6.393,<no data>
2025-10-19 15:27:48.080,6.555,<no data>
2025-10-19 15:27:48.242,6.717,<no data>
2025-10-19 15:27:48.402,6.878,<no data>
2025-10-19 15:27:48.566,7.041,<no data>
2025-10-19 15:27:48.729,7.205,<no data>
2025-10-19 15:27:48.886,7.362,<no data>
2025-10-19 15:27:49.050,7.526,<no data>
2025-10-19 15:27:49.212,7.687,<no data>
2025-10-19 15:27:49.371,7.847,<no data>
2025-10-19 15:27:49.535,8.011,<no data>
2025-10-19 15:27:49.699,8.174,<no data>
2025-10-19 15:27:49.861,8.337,<no data>
2025-10-19 15:27:50.018,8.494,<no data>
2025-10-19 15:27:50.181,8.656,<no data>
2025-10-19 15:27:50.343,8.818,<no data>
2025-10-19 15:27:50.503,8.979,<no data>
2025-10-19 15:27:50.665,9.141,<no data>
2025-10-19 15:27:50.829,9.304,<no data>
2025-10-19 15:27:50.987,9.463,<no data>
2025-10-19 15:27:51.151,9.626,<no data>
2025-10-19 15:27:51.312,9.788,<no data>
2025-10-19 15:27:51.479,9.954,<no data>
2025-10-19 15:27:51.634,10.109,<no data>
2025-10-19 15:27:51.796,10.271,<no data>
2025-10-19 15:27:51.958,10.433,<no data>
2025-10-19 15:27:52.119,10.595,<no data>
2025-10-19 15:27:52.281,10.757,<no data>
2025-10-19 15:27:52.443,10.919,<no data>
2025-10-19 15:27:52.602,11.077,<no data>
2025-10-19 15:27:52.764,11.24,<no data>
2025-10-19 15:27:52.926,11.402,<no data>
2025-10-19 15:27:53.088,11.563,<no data>
2025-10-19 15:27:53.251,11.726,<no data>
2025-10-19 15:27:53.414,11.889,<no data>
2025-10-19 15:27:53.576,12.052,<no data>
2025-10-19 15:27:53.736,12.211,<no data>
2025-10-19 15:27:53.899,12.375,<no data>
2025-10-19 15:27:54.060,12.536,<no data>
2025-10-19 15:27:54.218,12.694,<no data>
2025-10-19 15:27:54.381,12.857,<no data>
2025-10-19 15:27:54.544,13.019,<no data>
2025-10-19 15:27:54.703,13.179,<no data>
2025-10-19 15:27:54.867,13.343,<no data>
2025-10-19 15:27:55.030,13.506,<no data>
2025-10-19 15:27:55.188,13.664,<no data>
2025-10-19 15:27:55.350,13.825,<no data>
2025-10-19 15:27:55.512,13.987,<no data>
2025-10-19 15:27:55.674,14.15,<no data>
2025-10-19 15:27:55.835,14.311,<no data>
2025-10-19 15:27:55.997,14.473,<no data>
2025-10-19 15:27:56.159,14.635,<no data>
2025-10-19 15:27:56.321,14.796,<no data>
2025-10-19 15:27:56.484,14.959,<no data>
2025-10-19 15:27:56.646,15.122,<no data>
2025-10-19 15:27:56.804,15.28,<no data>
2025-10-19 15:27:56.967,15.443,<no data>
2025-10-19 15:27:57.129,15.605,<no data>
2025-10-19 15:27:57.291,15.767,<no data>
2025-10-19 15:27:57.452,15.928,<no data>
2025-10-19 15:27:57.615,16.091,<no data>
2025-10-19 15:27:57.777,16.253,<no data>
2025-10-19 15:27:57.935,16.411,<no data>
2025-10-19 15:27:58.098,16.573,<no data>
2025-10-19 15:27:58.260,16.736,<no data>
2025-10-19 15:27:58.420,16.896,<no data>
2025-10-19 15:27:58.583,17.059,<no data>
2025-10-19 15:27:58.746,17.221,<no data>
2025-10-19 15:27:58.904,17.38,<no data>
2025-10-19 15:27:59.067,17.543,<no data>
2025-10-19 15:27:59.229,17.704,<no data>
2025-10-19 15:27:59.391,17.867,<no data>
2025-10-19 15:27:59.552,18.028,<no data>
2025-10-19 15:27:59.715,18.191,<no data>
2025-10-19 15:27:59.877,18.353,<no data>
2025-10-19 15:28:00.036,18.512,<no data>
2025-10-19 15:28:00.199,18.674,<no data>
2025-10-19 15:28:00.361,18.836,<no data>
2025-10-19 15:28:00.520,18.996,<no data>
2025-10-19 15:28:00.684,19.159,<no data>
2025-10-19 15:28:00.845,19.321,<no data>
2025-10-19 15:28:01.006,19.482,<no data>
2025-10-19 15:28:01.163,19.639,<no data>
2025-10-19 15:28:01.324,19.799,<no data>
2025-10-19 15:28:01.484,19.96,<no data>
2025-10-19 15:28:01.650,20.126,<no data>
2025-10-19 15:28:01.813,20.288,<no data>
2025-10-19 15:28:01.972,20.448,<no data>
2025-10-19 15:28:02.135,20.61,<no data>
2025-10-19 15:28:02.295,20.771,<no data>
2025-10-19 15:28:02.457,20.932,<no data>
2025-10-19 15:28:02.620,21.095,<no data>
2025-10-19 15:28:02.785,21.261,<no data>
2025-10-19 15:28:02.947,21.423,<no data>
2025-10-19 15:28:03.110,21.585,<no data>
2025-10-19 15:28:03.269,21.744,<no data>
2025-10-19 15:28:03.431,21.907,<no data>
2025-10-19 15:28:03.593,22.069,<no data>
2025-10-19 15:28:03.752,22.228,<no data>
2025-10-19 15:28:03.915,22.39,<no data>
2025-10-19 15:28:04.075,22.551,<no data>
2025-10-19 15:28:04.237,22.712,<no data>
2025-10-19 15:28:04.399,22.875,<no data>
2025-10-19 15:28:04.562,23.038,<no data>
2025-10-19 15:28:04.723,23.199,<no data>
2025-10-19 15:28:04.883,23.359,<no data>
2025-10-19 15:28:05.047,23.522,<no data>
2025-10-19 15:28:05.116,23.592,RS485 Slave ready.
2025-10-19 15:28:05.168,23.643,Successfully connected to both INA219 chip
2025-10-19 15:28:05.219,23.695,"1.080,1.080,370"
2025-10-19 15:28:05.384,23.86,"1.080,1.540,570"
2025-10-19 15:28:05.540,24.015,<no data>
2025-10-19 15:28:05.591,24.067,"2.690,1.540,770"
2025-10-19 15:28:05.752,24.228,<no data>
2025-10-19 15:28:05.804,24.28,"2.230,1.540,970"
2025-10-19 15:28:05.856,24.331,Mode: REST
2025-10-19 15:28:05.985,24.461,"2.690,2.230,1170"
2025-10-19 15:28:06.151,24.627,<no data>
2025-10-19 15:28:06.204,24.679,"2.230,2.230,1370"
2025-10-19 15:28:06.370,24.846,<no data>
2025-10-19 15:28:06.422,24.897,"3.380,2.230,1570"
2025-10-19 15:28:06.585,25.061,"1.540,2.230,1770"
2025-10-19 15:28:06.754,25.229,<no data>
2025-10-19 15:28:06.805,25.281,"0.390,1.540,1970"
2025-10-19 15:28:06.857,25.332,Mode: REST
2025-10-19 15:28:06.985,25.461,"2.690,3.380,2170"
2025-10-19 15:28:07.154,25.629,<no data>
2025-10-19 15:28:07.206,25.681,"2.230,1.540,2370"
2025-10-19 15:28:07.371,25.846,<no data>
2025-10-19 15:28:07.423,25.899,"0.390,2.230,2570"
2025-10-19 15:28:07.585,26.061,"2.230,2.230,2770"
2025-10-19 15:28:07.754,26.229,<no data>
2025-10-19 15:28:07.805,26.281,"1.080,1.540,2970"
2025-10-19 15:28:07.857,26.332,Mode: REST
2025-10-19 15:28:07.985,26.461,"1.080,2.690,3170"
2025-10-19 15:28:08.153,26.629,<no data>
2025-10-19 15:28:08.205,26.681,"2.690,1.080,3370"
2025-10-19 15:28:08.369,26.845,<no data>
2025-10-19 15:28:08.421,26.897,"2.230,1.540,3570"
2025-10-19 15:28:08.585,27.061,"2.230,2.230,3770"
2025-10-19 15:28:08.753,27.229,<no data>
2025-10-19 15:28:08.805,27.28,"2.230,1.540,3970"
2025-10-19 15:28:08.856,27.332,Mode: REST
2025-10-19 15:28:08.985,27.461,"2.230,2.230,4170"
2025-10-19 15:28:09.153,27.628,<no data>
2025-10-19 15:28:09.204,27.68,"1.080,1.540,4370"
2025-10-19 15:28:09.370,27.846,<no data>
2025-10-19 15:28:09.422,27.897,"1.080,1.540,4570"
2025-10-19 15:28:09.585,28.061,"1.540,2.230,4770"
2025-10-19 15:28:09.753,28.229,<no data>
2025-10-19 15:28:09.805,28.281,"1.080,3.840,4970"
2025-10-19 15:28:09.857,28.333,Mode: REST
2025-10-19 15:28:09.985,28.461,"2.230,2.230,5170"
2025-10-19 15:28:10.153,28.629,<no data>
2025-10-19 15:28:10.205,28.681,"1.540,1.080,5370"
2025-10-19 15:28:10.370,28.846,<no data>
2025-10-19 15:28:10.422,28.898,"3.380,3.380,5570"
2025-10-19 15:28:10.585,29.061,"2.230,2.690,5770"
2025-10-19 15:28:10.753,29.229,<no data>
2025-10-19 15:28:10.805,29.281,"1.080,1.540,5970"
2025-10-19 15:28:10.856,29.332,Mode: REST
2025-10-19 15:28:10.985,29.461,"2.690,2.690,6170"
2025-10-19 15:28:11.154,29.629,<no data>
2025-10-19 15:28:11.205,29.681,"2.690,2.690,6370"
2025-10-19 15:28:11.370,29.846,<no data>
2025-10-19 15:28:11.422,29.897,"1.540,1.540,6570"
2025-10-19 15:28:11.585,30.061,"2.690,1.080,6770"
2025-10-19 15:28:11.753,30.229,<no data>
2025-10-19 15:28:11.804,30.28,"1.080,1.080,6970"
2025-10-19 15:28:11.856,30.331,Mode: REST
2025-10-19 15:28:11.985,30.461,"1.540,1.540,7170"
2025-10-19 15:28:12.153,30.629,<no data>
2025-10-19 15:28:12.205,30.68,"2.690,2.230,7370"
2025-10-19 15:28:12.370,30.846,<no data>
2025-10-19 15:28:12.422,30.897,"1.540,1.540,7570"
2025-10-19 15:28:12.585,31.061,"2.690,1.540,7770"
2025-10-19 15:28:12.753,31.228,<no data>
2025-10-19 15:28:12.804,31.28,"1.540,3.380,7970"
2025-10-19 15:28:12.855,31.331,Mode: REST
2025-10-19 15:28:12.985,31.461,"2.690,2.690,8170"
2025-10-19 15:28:13.153,31.629,<no data>
2025-10-19 15:28:13.205,31.68,"2.230,1.080,8370"
2025-10-19 15:28:13.369,31.845,<no data>
2025-10-19 15:28:13.421,31.896,"2.690,2.690,8570"
2025-10-19 15:28:13.585,32.061,"3.380,1.540,8770"
2025-10-19 15:28:13.753,32.228,<no data>
2025-10-19 15:28:13.805,32.281,"2.690,2.690,8970"
2025-10-19 15:28:13.857,32.332,Mode: REST
2025-10-19 15:28:13.985,32.461,"1.540,1.540,9170"
2025-10-19 15:28:14.153,32.629,<no data>
2025-10-19 15:28:14.205,32.681,"2.690,0.390,9370"
2025-10-19 15:28:14.369,32.845,<no data>
2025-10-19 15:28:14.421,32.896,"2.230,2.230,9570"
2025-10-19 15:28:14.585,33.06,"2.690,2.230,9770"
2025-10-19 15:28:14.753,33.229,<no data>
2025-10-19 15:28:14.805,33.281,"2.230,2.230,9970"
2025-10-19 15:28:14.857,33.333,Mode: REST
2025-10-19 15:28:14.986,33.461,"2.690,3.380,10170"
2025-10-19 15:28:15.153,33.628,<no data>
2025-10-19 15:28:15.204,33.68,"2.690,2.690,10370"
2025-10-19 15:28:15.370,33.846,<no data>
2025-10-19 15:28:15.422,33.898,"2.690,2.230,10570"
2025-10-19 15:28:15.587,34.062,"2.230,2.230,10770"
2025-10-19 15:28:15.753,34.228,<no data>
2025-10-19 15:28:15.804,34.28,"1.540,1.540,10970"
2025-10-19 15:28:15.856,34.331,Mode: REST
2025-10-19 15:28:15.987,34.462,"1.080,2.690,11170"
2025-10-19 15:28:16.152,34.628,<no data>
2025-10-19 15:28:16.204,34.68,"1.080,1.540,11370"
2025-10-19 15:28:16.369,34.844,<no data>
2025-10-19 15:28:16.421,34.897,"2.690,2.690,11570"
2025-10-19 15:28:16.586,35.061,<no data>
2025-10-19 15:28:16.637,35.113,"1.540,2.690,11770"
2025-10-19 15:28:16.786,35.262,"1.540,1.540,11970"
2025-10-19 15:28:16.838,35.314,Mode: REST
2025-10-19 15:28:16.986,35.462,"1.540,1.540,12170"
2025-10-19 15:28:17.153,35.628,<no data>
2025-10-19 15:28:17.204,35.68,"2.230,2.690,12370"
2025-10-19 15:28:17.370,35.846,<no data>
2025-10-19 15:28:17.422,35.898,"1.540,1.540,12570"
2025-10-19 15:28:17.585,36.061,<no data>
2025-10-19 15:28:17.636,36.112,"2.230,2.230,12770"
2025-10-19 15:28:17.786,36.262,"0.390,0.390,12970"
2025-10-19 15:28:17.838,36.313,Mode: REST
2025-10-19 15:28:17.986,36.462,"1.540,1.540,13170"
2025-10-19 15:28:18.152,36.628,<no data>
2025-10-19 15:28:18.204,36.68,"2.230,1.540,13370"
2025-10-19 15:28:18.369,36.845,<no data>
2025-10-19 15:28:18.420,36.896,"2.690,2.230,13570"
2025-10-19 15:28:18.585,37.061,<no data>
2025-10-19 15:28:18.638,37.113,"1.540,3.380,13770"
2025-10-19 15:28:18.786,37.262,"2.690,1.080,13970"
2025-10-19 15:28:18.838,37.314,Mode: REST
2025-10-19 15:28:18.986,37.461,"1.540,2.690,14170"
2025-10-19 15:28:19.153,37.628,<no data>
2025-10-19 15:28:19.204,37.68,"2.690,2.690,14370"
2025-10-19 15:28:19.370,37.845,<no data>
2025-10-19 15:28:19.421,37.897,"2.230,2.230,14570"
2025-10-19 15:28:19.586,38.061,"1.540,1.540,14770"
2025-10-19 15:28:19.752,38.228,<no data>
2025-10-19 15:28:19.804,38.28,"1.540,1.540,14970"
2025-10-19 15:28:19.855,38.331,Mode: REST
2025-10-19 15:28:19.986,38.461,"2.690,3.380,15170"
2025-10-19 15:28:20.154,38.629,<no data>
2025-10-19 15:28:20.205,38.681,"2.230,2.230,15370"
2025-10-19 15:28:20.369,38.845,<no data>
2025-10-19 15:28:20.422,38.897,"1.540,1.540,15570"
2025-10-19 15:28:20.586,39.061,<no data>
2025-10-19 15:28:20.638,39.113,"2.230,3.380,15770"
2025-10-19 15:28:20.787,39.262,"2.230,2.690,15970"
2025-10-19 15:28:20.838,39.314,Mode: REST
2025-10-19 15:28:20.986,39.462,"2.690,2.230,16170"
2025-10-19 15:28:21.152,39.628,<no data>
2025-10-19 15:28:21.204,39.68,"3.380,3.380,16370"
2025-10-19 15:28:21.369,39.844,<no data>
2025-10-19 15:28:21.421,39.896,"1.080,2.690,16570"
2025-10-19 15:28:21.586,40.061,<no data>
2025-10-19 15:28:21.637,40.113,"2.230,1.540,16770"
2025-10-19 15:28:21.786,40.262,"1.080,2.690,16970"
2025-10-19 15:28:21.838,40.314,Mode: REST
2025-10-19 15:28:21.986,40.462,"2.230,2.690,17170"
2025-10-19 15:28:22.152,40.628,<no data>
2025-10-19 15:28:22.204,40.679,"2.230,2.230,17370"
2025-10-19 15:28:22.370,40.845,<no data>
2025-10-19 15:28:22.422,40.897,"2.230,1.540,17570"
2025-10-19 15:28:22.586,41.062,"2.690,1.540,17770"
2025-10-19 15:28:22.753,41.228,<no data>
2025-10-19 15:28:22.804,41.28,"1.540,2.690,17970"
2025-10-19 15:28:22.856,41.332,Mode: REST
2025-10-19 15:28:22.986,41.462,"1.540,1.080,18170"
2025-10-19 15:28:23.152,41.627,<no data>
2025-10-19 15:28:23.203,41.679,"2.690,2.690,18370"
2025-10-19 15:28:23.369,41.844,<no data>
2025-10-19 15:28:23.420,41.896,"1.540,2.230,18570"
2025-10-19 15:28:23.586,42.061,<no data>
2025-10-19 15:28:23.637,42.113,"2.690,3.840,18770"
2025-10-19 15:28:23.787,42.262,"1.080,2.690,18970"
2025-10-19 15:28:23.838,42.314,Mode: REST
2025-10-19 15:28:23.986,42.462,"2.690,1.540,19170"
2025-10-19 15:28:24.153,42.628,<no data>
2025-10-19 15:28:24.204,42.68,"2.690,2.690,19370"
2025-10-19 15:28:24.370,42.846,<no data>
2025-10-19 15:28:24.422,42.898,"1.540,2.230,19570"
2025-10-19 15:28:24.585,43.061,<no data>
2025-10-19 15:28:24.638,43.113,"2.230,0.390,19770"
2025-10-19 15:28:24.786,43.261,"1.540,1.080,19970"
2025-10-19 15:28:24.838,43.314,Mode: REST
2025-10-19 15:28:24.986,43.462,"1.540,2.690,20170"
2025-10-19 15:28:25.153,43.628,<no data>
2025-10-19 15:28:25.205,43.68,"1.540,1.540,20370"
2025-10-19 15:28:25.369,43.845,<no data>
2025-10-19 15:28:25.421,43.896,"2.230,1.540,20570"
2025-10-19 15:28:25.586,44.061,<no data>
2025-10-19 15:28:25.637,44.113,"2.230,3.380,20770"
2025-10-19 15:28:25.786,44.262,"2.230,1.540,20970"
2025-10-19 15:28:25.838,44.313,Mode: REST
2025-10-19 15:28:25.986,44.462,"2.230,3.840,21170"
2025-10-19 15:28:26.153,44.628,<no data>
2025-10-19 15:28:26.204,44.68,"3.840,3.840,21370"
2025-10-19 15:28:26.368,44.844,<no data>
2025-10-19 15:28:26.419,44.895,"1.080,1.540,21570"
2025-10-19 15:28:26.586,45.061,<no data>
2025-10-19 15:28:26.638,45.113,"2.690,2.230,21770"
2025-10-19 15:28:26.786,45.262,"1.540,1.540,21970"
2025-10-19 15:28:26.838,45.313,Mode: REST
2025-10-19 15:28:26.986,45.462,"1.080,2.690,22170"
2025-10-19 15:28:27.152,45.628,<no data>
2025-10-19 15:28:27.204,45.68,"2.230,2.230,22370"
2025-10-19 15:28:27.368,45.844,<no data>
2025-10-19 15:28:27.421,45.896,"2.690,1.080,22570"
2025-10-19 15:28:27.586,46.062,"2.690,2.690,22770"
2025-10-19 15:28:27.753,46.228,<no data>
2025-10-19 15:28:27.804,46.28,"2.230,2.230,22970"
2025-10-19 15:28:27.856,46.331,Mode: REST
2025-10-19 15:28:27.986,46.462,"2.690,1.540,23170"
2025-10-19 15:28:28.153,46.629,<no data>
2025-10-19 15:28:28.205,46.681,"1.080,2.690,23370"
2025-10-19 15:28:28.370,46.845,<no data>
2025-10-19 15:28:28.422,46.897,"1.080,1.080,23570"
2025-10-19 15:28:28.586,47.061,"2.230,2.230,23770"
2025-10-19 15:28:28.751,47.226,<no data>
2025-10-19 15:28:28.802,47.278,"1.540,1.080,23970"
2025-10-19 15:28:28.854,47.33,Mode: REST
2025-10-19 15:28:28.987,47.462,"2.230,2.230,24170"
2025-10-19 15:28:29.153,47.628,<no data>
2025-10-19 15:28:29.205,47.68,"2.230,1.540,24370"
2025-10-19 15:28:29.369,47.844,<no data>
2025-10-19 15:28:29.421,47.896,"2.690,2.230,24570"
2025-10-19 15:28:29.586,48.061,<no data>
2025-10-19 15:28:29.637,48.113,"2.230,2.230,24770"
2025-10-19 15:28:29.786,48.261,"2.690,1.540,24970"
2025-10-19 15:28:29.838,48.313,Mode: REST
2025-10-19 15:28:29.987,48.463,"2.230,1.540,25170"
2025-10-19 15:28:30.150,48.626,<no data>
2025-10-19 15:28:30.204,48.68,"1.080,1.540,25370"
2025-10-19 15:28:30.370,48.845,<no data>
2025-10-19 15:28:30.425,48.9,"1.540,2.690,25570"
2025-10-19 15:28:30.585,49.061,<no data>
2025-10-19 15:28:30.639,49.115,"1.540,1.540,25770"
2025-10-19 15:28:30.786,49.262,"1.540,1.540,25970"
2025-10-19 15:28:30.839,49.314,Mode: REST
2025-10-19 15:28:30.988,49.463,"3.380,2.690,26170"
2025-10-19 15:28:31.096,49.571,Mode: FILL
2025-10-19 15:28:31.149,49.625,Fill Time: 0 s
2025-10-19 15:28:31.202,49.678,"1.540,2.230,26370"
2025-10-19 15:28:31.368,49.844,<no data>
2025-10-19 15:28:31.422,49.898,"2.690,2.230,26570"
2025-10-19 15:28:31.586,50.061,<no data>
2025-10-19 15:28:31.640,50.115,"2.690,2.690,26770"
2025-10-19 15:28:31.787,50.262,"1.540,1.080,26970"
2025-10-19 15:28:31.953,50.428,<no data>
2025-10-19 15:28:32.007,50.483,"1.540,2.230,27170"
2025-10-19 15:28:32.096,50.571,Mode: FILL
2025-10-19 15:28:32.149,50.625,Fill Time: 1 s
2025-10-19 15:28:32.203,50.679,"2.690,2.230,27370"
2025-10-19 15:28:32.370,50.846,<no data>
2025-10-19 15:28:32.425,50.901,"1.540,2.230,27570"
2025-10-19 15:28:32.583,51.059,<no data>
2025-10-19 15:28:32.637,51.113,"2.690,2.690,27770"
2025-10-19 15:28:32.786,51.262,"2.230,2.690,27970"
2025-10-19 15:28:32.953,51.429,<no data>
2025-10-19 15:28:33.008,51.483,"1.080,2.230,28170"
2025-10-19 15:28:33.096,51.571,Mode: FILL
2025-10-19 15:28:33.150,51.625,Fill Time: 2 s
2025-10-19 15:28:33.203,51.679,"2.230,1.540,28370"
2025-10-19 15:28:33.370,51.846,<no data>
2025-10-19 15:28:33.425,51.9,"2.230,1.540,28570"
2025-10-19 15:28:33.586,52.062,<no data>
2025-10-19 15:28:33.640,52.116,"1.080,1.080,28770"
2025-10-19 15:28:33.786,52.262,"1.540,2.230,28970"
2025-10-19 15:28:33.952,52.427,<no data>
2025-10-19 15:28:34.006,52.481,"2.230,2.690,29170"
2025-10-19 15:28:34.096,52.571,Mode: FILL
2025-10-19 15:28:34.149,52.625,Fill Time: 3 s
2025-10-19 15:28:34.202,52.678,"1.080,2.230,29370"
2025-10-19 15:28:34.369,52.845,<no data>
2025-10-19 15:28:34.423,52.899,"2.230,2.230,29570"
2025-10-19 15:28:34.586,53.062,<no data>
2025-10-19 15:28:34.640,53.115,"1.540,1.540,29770"
2025-10-19 15:28:34.786,53.261,"1.540,2.230,29970"
2025-10-19 15:28:34.954,53.429,<no data>
2025-10-19 15:28:35.007,53.483,"2.230,1.540,30170"
2025-10-19 15:28:35.095,53.571,Mode: FILL
2025-10-19 15:28:35.148,53.623,Fill Time: 4 s
2025-10-19 15:28:35.201,53.677,"2.230,2.230,30370"
2025-10-19 15:28:35.369,53.844,<no data>
2025-10-19 15:28:35.423,53.898,"1.540,1.540,30570"
2025-10-19 15:28:35.584,54.059,<no data>
2025-10-19 15:28:35.635,54.111,"1.540,1.540,30770"
2025-10-19 15:28:35.787,54.262,"1.540,1.540,30970"
2025-10-19 15:28:35.953,54.428,<no data>
2025-10-19 15:28:36.007,54.483,"1.540,2.690,31170"
2025-10-19 15:28:36.095,54.571,Mode: FILL
2025-10-19 15:28:36.148,54.624,Fill Time: 5 s
2025-10-19 15:28:36.201,54.677,"2.690,2.690,31370"
2025-10-19 15:28:36.368,54.843,<no data>
2025-10-19 15:28:36.422,54.897,"3.380,1.540,31570"
2025-10-19 15:28:36.585,55.061,<no data>
2025-10-19 15:28:36.640,55.115,"2.230,1.080,31770"
2025-10-19 15:28:36.786,55.261,"1.080,2.690,31970"
2025-10-19 15:28:36.952,55.428,<no data>
2025-10-19 15:28:37.007,55.482,"2.230,1.540,32170"
2025-10-19 15:28:37.095,55.57,Mode: FILL
2025-10-19 15:28:37.147,55.622,Fill Time: 6 s
2025-10-19 15:28:37.199,55.675,"0.390,0.390,32370"
2025-10-19 15:28:37.353,55.829,<no data>
2025-10-19 15:28:37.406,55.882,"2.230,1.540,32570"
2025-10-19 15:28:37.569,56.045,<no data>
2025-10-19 15:28:37.624,56.099,"1.540,3.380,32770"
2025-10-19 15:28:37.784,56.26,<no data>
2025-10-19 15:28:37.837,56.313,"2.230,1.080,32970"
2025-10-19 15:28:37.988,56.463,"1.080,2.230,33170"
2025-10-19 15:28:38.095,56.571,Mode: FILL
2025-10-19 15:28:38.148,56.624,Fill Time: 7 s
2025-10-19 15:28:38.202,56.677,"0.390,0.390,33370"
2025-10-19 15:28:38.369,56.845,<no data>
2025-10-19 15:28:38.423,56.899,"2.230,1.080,33570"
2025-10-19 15:28:38.585,57.06,<no data>
2025-10-19 15:28:38.639,57.115,"0.390,2.690,33770"
2025-10-19 15:28:38.786,57.262,"1.540,2.690,33970"
2025-10-19 15:28:38.953,57.428,<no data>
2025-10-19 15:28:39.007,57.483,"2.230,1.540,34170"
2025-10-19 15:28:39.095,57.571,Mode: FILL
2025-10-19 15:28:39.148,57.624,Fill Time: 8 s
2025-10-19 15:28:39.201,57.676,"2.230,2.230,34370"
2025-10-19 15:28:39.369,57.844,<no data>
2025-10-19 15:28:39.422,57.898,"2.230,1.080,34570"
2025-10-19 15:28:39.588,58.064,"1.540,1.540,34770"
2025-10-19 15:28:39.752,58.228,<no data>
2025-10-19 15:28:39.805,58.281,"2.230,2.230,34970"
2025-10-19 15:28:39.969,58.444,<no data>
2025-10-19 15:28:40.023,58.499,"2.230,2.230,35170"
2025-10-19 15:28:40.096,58.571,Mode: FILL
2025-10-19 15:28:40.149,58.625,Fill Time: 9 s
2025-10-19 15:28:40.202,58.678,"1.540,1.540,35370"
2025-10-19 15:28:40.368,58.844,<no data>
2025-10-19 15:28:40.423,58.898,"1.080,1.540,35570"
2025-10-19 15:28:40.588,59.064,"2.690,2.230,35770"
2025-10-19 15:28:40.752,59.228,<no data>
2025-10-19 15:28:40.807,59.282,"2.230,1.080,35970"
2025-10-19 15:28:40.968,59.443,<no data>
2025-10-19 15:28:41.022,59.497,"1.540,1.540,36170"
2025-10-19 15:28:41.095,59.571,Mode: FILL
2025-10-19 15:28:41.150,59.625,Fill Time: 10 s
2025-10-19 15:28:41.202,59.678,"1.540,1.540,36370"
2025-10-19 15:28:41.366,59.842,<no data>
2025-10-19 15:28:41.419,59.894,"0.390,1.080,36570"
2025-10-19 15:28:41.584,60.06,<no data>
2025-10-19 15:28:41.637,60.113,"3.380,2.230,36770"
2025-10-19 15:28:41.788,60.263,"1.540,1.540,36970"
2025-10-19 15:28:41.954,60.429,<no data>
2025-10-19 15:28:42.008,60.484,"1.540,2.690,37170"
2025-10-19 15:28:42.095,60.571,Mode: FILL
2025-10-19 15:28:42.148,60.624,Fill Time: 11 s
2025-10-19 15:28:42.202,60.678,"2.230,2.230,37370"
2025-10-19 15:28:42.370,60.845,<no data>
2025-10-19 15:28:42.422,60.898,"1.080,2.230,37570"
2025-10-19 15:28:42.586,61.061,<no data>
2025-10-19 15:28:42.640,61.116,"1.540,1.540,37770"
2025-10-19 15:28:42.787,61.263,"2.690,1.540,37970"
2025-10-19 15:28:42.952,61.428,<no data>
2025-10-19 15:28:43.006,61.481,"2.230,2.230,38170"
2025-10-19 15:28:43.096,61.571,Mode: FILL
2025-10-19 15:28:43.150,61.625,Fill Time: 12 s
2025-10-19 15:28:43.204,61.679,"2.230,2.230,38370"
2025-10-19 15:28:43.367,61.843,<no data>
2025-10-19 15:28:43.421,61.896,"2.230,2.230,38570"
2025-10-19 15:28:43.585,62.061,<no data>
2025-10-19 15:28:43.639,62.115,"2.230,1.540,38770"
2025-10-19 15:28:43.788,62.264,"1.540,1.540,38970"
2025-10-19 15:28:43.951,62.427,<no data>
2025-10-19 15:28:44.003,62.479,"1.540,2.690,39170"
2025-10-19 15:28:44.095,62.571,Mode: FILL
2025-10-19 15:28:44.150,62.626,Fill Time: 13 s
2025-10-19 15:28:44.206,62.681,"1.540,1.080,39370"
2025-10-19 15:28:44.368,62.844,<no data>
2025-10-19 15:28:44.422,62.897,"2.230,2.690,39570"
2025-10-19 15:28:44.585,63.061,<no data>
2025-10-19 15:28:44.640,63.115,"3.840,2.690,39770"
2025-10-19 15:28:44.788,63.264,"2.230,2.230,39970"
2025-10-19 15:28:44.951,63.426,<no data>
2025-10-19 15:28:45.004,63.479,"2.690,0.390,40170"
2025-10-19 15:28:45.095,63.571,Mode: FILL
2025-10-19 15:28:45.149,63.625,Fill Time: 14 s
2025-10-19 15:28:45.204,63.68,"2.230,2.690,40370"
2025-10-19 15:28:45.369,63.844,<no data>
2025-10-19 15:28:45.422,63.897,"1.540,1.540,40570"
2025-10-19 15:28:45.588,64.064,"2.230,1.540,40770"
2025-10-19 15:28:45.753,64.228,<no data>
2025-10-19 15:28:45.808,64.283,"1.540,1.540,40970"
2025-10-19 15:28:45.968,64.443,<no data>
2025-10-19 15:28:46.021,64.497,"0.390,2.230,41170"
2025-10-19 15:28:46.095,64.571,Mode: FILL
2025-10-19 15:28:46.148,64.624,Fill Time: 15 s
2025-10-19 15:28:46.202,64.678,"1.080,1.540,41370"
2025-10-19 15:28:46.368,64.844,<no data>
2025-10-19 15:28:46.422,64.898,"1.540,2.690,41570"
2025-10-19 15:28:46.584,65.06,<no data>
2025-10-19 15:28:46.638,65.114,"2.230,1.080,41770"
2025-10-19 15:28:46.787,65.263,"1.540,1.540,41970"
2025-10-19 15:28:46.952,65.428,<no data>
2025-10-19 15:28:47.006,65.481,Launch Time: -10 s
2025-10-19 15:28:47.058,65.533,Mode: FIRE
2025-10-19 15:28:47.110,65.585,"2.690,1.080,42178"
2025-10-19 15:28:47.195,65.671,"1.540,2.230,42378"
2025-10-19 15:28:47.353,65.828,<no data>
2025-10-19 15:28:47.407,65.883,"2.690,2.230,42578"
2025-10-19 15:28:47.568,66.044,<no data>
2025-10-19 15:28:47.621,66.096,"2.690,2.690,42778"
2025-10-19 15:28:47.784,66.26,<no data>
2025-10-19 15:28:47.838,66.313,"1.540,1.080,42978"
2025-10-19 15:28:47.960,66.436,Launch Time: -9 s
2025-10-19 15:28:48.013,66.489,Mode: FIRE
2025-10-19 15:28:48.066,66.542,"2.230,3.380,43178"
2025-10-19 15:28:48.194,66.67,"2.690,0.390,43378"
2025-10-19 15:28:48.353,66.828,<no data>
2025-10-19 15:28:48.408,66.883,"1.540,2.230,43578"
2025-10-19 15:28:48.568,67.044,<no data>
2025-10-19 15:28:48.621,67.097,"2.690,2.690,43778"
2025-10-19 15:28:48.785,67.261,<no data>
2025-10-19 15:28:48.839,67.314,"1.540,1.540,43978"
2025-10-19 15:28:48.960,67.436,Launch Time: -8 s
2025-10-19 15:28:49.013,67.489,Mode: FIRE
2025-10-19 15:28:49.066,67.541,"2.690,0.390,44178"
2025-10-19 15:28:49.195,67.67,"1.540,2.230,44378"
2025-10-19 15:28:49.353,67.829,<no data>
2025-10-19 15:28:49.407,67.883,"1.080,1.080,44578"
2025-10-19 15:28:49.568,68.043,<no data>
2025-10-19 15:28:49.622,68.097,"1.540,1.540,44778"
2025-10-19 15:28:49.787,68.263,<no data>
2025-10-19 15:28:49.842,68.318,"2.230,2.230,44978"
2025-10-19 15:28:49.960,68.436,Launch Time: -7 s
2025-10-19 15:28:50.014,68.489,Mode: FIRE
2025-10-19 15:28:50.067,68.542,"2.690,2.230,45178"
2025-10-19 15:28:50.195,68.671,"1.540,0.390,45378"
2025-10-19 15:28:50.353,68.829,<no data>
2025-10-19 15:28:50.408,68.884,"2.230,2.690,45578"
2025-10-19 15:28:50.567,69.043,<no data>
2025-10-19 15:28:50.619,69.095,"2.690,2.690,45778"
2025-10-19 15:28:50.785,69.26,<no data>
2025-10-19 15:28:50.839,69.314,"1.540,2.690,45978"
2025-10-19 15:28:50.960,69.436,Launch Time: -6 s
2025-10-19 15:28:51.014,69.49,Mode: FIRE
2025-10-19 15:28:51.068,69.543,"1.540,2.690,46178"
2025-10-19 15:28:51.194,69.67,"2.230,2.230,46378"
2025-10-19 15:28:51.350,69.826,<no data>
2025-10-19 15:28:51.405,69.881,"2.690,1.080,46578"
2025-10-19 15:28:51.568,70.044,<no data>
2025-10-19 15:28:51.622,70.098,"2.690,1.080,46778"
2025-10-19 15:28:51.785,70.26,<no data>
2025-10-19 15:28:51.839,70.315,"2.690,1.080,46978"
2025-10-19 15:28:51.959,70.435,Launch Time: -5 s
2025-10-19 15:28:52.012,70.488,Mode: FIRE
2025-10-19 15:28:52.067,70.542,"2.230,2.690,47178"
2025-10-19 15:28:52.194,70.669,"1.080,1.080,47378"
2025-10-19 15:28:52.351,70.827,<no data>
2025-10-19 15:28:52.406,70.881,"2.230,1.540,47578"
2025-10-19 15:28:52.568,71.044,<no data>
2025-10-19 15:28:52.622,71.098,"2.230,2.690,47778"
2025-10-19 15:28:52.785,71.261,<no data>
2025-10-19 15:28:52.839,71.315,"2.230,1.540,47978"
2025-10-19 15:28:52.960,71.436,Launch Time: -4 s
2025-10-19 15:28:53.014,71.489,Mode: FIRE
2025-10-19 15:28:53.066,71.542,"2.230,1.080,48178"
2025-10-19 15:28:53.194,71.669,"1.540,1.540,48378"
2025-10-19 15:28:53.352,71.828,<no data>
2025-10-19 15:28:53.406,71.882,"0.390,2.230,48578"
2025-10-19 15:28:53.568,72.044,<no data>
2025-10-19 15:28:53.623,72.099,"1.080,1.080,48778"
2025-10-19 15:28:53.785,72.261,<no data>
2025-10-19 15:28:53.840,72.315,"1.080,2.690,48978"
2025-10-19 15:28:53.960,72.436,Launch Time: -3 s
2025-10-19 15:28:54.013,72.489,Mode: FIRE
2025-10-19 15:28:54.066,72.541,"2.690,1.540,49178"
2025-10-19 15:28:54.194,72.67,"1.080,1.080,49378"
2025-10-19 15:28:54.351,72.827,<no data>
2025-10-19 15:28:54.404,72.879,"1.540,1.540,49578"
2025-10-19 15:28:54.570,73.046,<no data>
2025-10-19 15:28:54.624,73.1,"2.230,2.690,49778"
2025-10-19 15:28:54.786,73.261,<no data>
2025-10-19 15:28:54.840,73.315,"2.690,2.690,49978"
2025-10-19 15:28:54.959,73.435,Launch Time: -2 s
2025-10-19 15:28:55.012,73.488,Mode: FIRE
2025-10-19 15:28:55.066,73.541,"1.080,2.230,50178"
2025-10-19 15:28:55.194,73.67,"2.230,1.080,50378"
2025-10-19 15:28:55.351,73.827,<no data>
2025-10-19 15:28:55.405,73.88,"2.230,3.840,50578"
2025-10-19 15:28:55.569,74.044,<no data>
2025-10-19 15:28:55.624,74.1,"1.540,1.540,50778"
2025-10-19 15:28:55.786,74.262,<no data>
2025-10-19 15:28:55.839,74.315,"1.540,1.540,50978"
2025-10-19 15:28:55.960,74.436,Launch Time: -1 s
2025-10-19 15:28:56.013,74.489,Mode: FIRE
2025-10-19 15:28:56.066,74.542,"2.230,1.080,51178"
2025-10-19 15:28:56.193,74.669,"2.230,2.230,51378"
2025-10-19 15:28:56.351,74.826,<no data>
2025-10-19 15:28:56.402,74.878,"0.390,2.230,51578"
2025-10-19 15:28:56.566,75.042,<no data>
2025-10-19 15:28:56.618,75.094,"1.080,2.690,51778"
2025-10-19 15:28:56.782,75.258,<no data>
2025-10-19 15:28:56.836,75.311,"1.080,1.080,51978"
2025-10-19 15:28:56.958,75.433,Launch Time: 0 s
2025-10-19 15:28:57.010,75.486,Mode: FIRE
2025-10-19 15:28:57.063,75.539,"1.080,2.230,52178"
2025-10-19 15:28:57.193,75.669,"1.540,2.230,52378"
2025-10-19 15:28:57.351,75.827,<no data>
2025-10-19 15:28:57.405,75.88,"2.690,2.690,52578"
2025-10-19 15:28:57.568,76.044,<no data>
2025-10-19 15:28:57.622,76.098,"0.390,1.540,52778"
2025-10-19 15:28:57.784,76.26,<no data>
2025-10-19 15:28:57.837,76.312,"1.080,2.230,52978"
2025-10-19 15:28:57.958,76.433,Launch Time: 1 s
2025-10-19 15:28:58.009,76.485,Mode: FIRE
2025-10-19 15:28:58.062,76.538,"1.080,1.540,53178"
2025-10-19 15:28:58.194,76.67,"3.380,2.690,53378"
2025-10-19 15:28:58.351,76.827,<no data>
2025-10-19 15:28:58.405,76.881,"2.690,2.690,53578"
2025-10-19 15:28:58.569,77.045,<no data>
2025-10-19 15:28:58.624,77.099,"2.230,3.380,53778"
2025-10-19 15:28:58.783,77.259,<no data>
2025-10-19 15:28:58.836,77.312,"2.230,2.690,53978"
2025-10-19 15:28:58.958,77.434,Launch Time: 2 s
2025-10-19 15:28:59.011,77.487,Mode: FIRE
2025-10-19 15:28:59.066,77.541,"2.230,1.540,54178"
2025-10-19 15:28:59.195,77.67,"3.380,1.540,54378"
2025-10-19 15:28:59.351,77.827,<no data>
2025-10-19 15:28:59.405,77.88,"1.540,1.540,54578"
2025-10-19 15:28:59.568,78.044,<no data>
2025-10-19 15:28:59.622,78.098,"1.540,2.690,54778"
2025-10-19 15:28:59.786,78.262,<no data>
2025-10-19 15:28:59.839,78.315,"3.380,1.080,54978"
2025-10-19 15:28:59.958,78.433,Launch Time: 3 s
2025-10-19 15:29:00.010,78.486,Mode: FIRE
2025-10-19 15:29:00.063,78.538,"2.690,2.690,55178"
2025-10-19 15:29:00.194,78.67,"2.230,1.080,55378"
2025-10-19 15:29:00.351,78.826,<no data>
2025-10-19 15:29:00.403,78.879,"2.690,1.080,55578"
2025-10-19 15:29:00.567,79.043,<no data>
2025-10-19 15:29:00.620,79.096,"2.690,2.690,55778"
2025-10-19 15:29:00.784,79.26,<no data>
2025-10-19 15:29:00.836,79.311,"2.230,1.080,55978"
2025-10-19 15:29:00.959,79.435,Launch Time: 4 s
2025-10-19 15:29:01.012,79.487,Mode: FIRE
2025-10-19 15:29:01.063,79.539,"1.080,1.080,56178"
2025-10-19 15:29:01.193,79.669,"0.390,2.690,56378"
2025-10-19 15:29:01.350,79.826,<no data>
2025-10-19 15:29:01.402,79.878,"1.540,2.230,56578"
2025-10-19 15:29:01.568,80.043,<no data>
2025-10-19 15:29:01.620,80.096,"2.690,3.380,56778"
2025-10-19 15:29:01.783,80.259,<no data>
2025-10-19 15:29:01.838,80.313,"1.540,1.080,56978"
2025-10-19 15:29:01.959,80.435,Launch Time: 5 s
2025-10-19 15:29:02.013,80.488,Mode: FIRE
2025-10-19 15:29:02.064,80.54,"1.080,1.540,57178"
2025-10-19 15:29:02.194,80.67,"1.080,2.230,57378"
2025-10-19 15:29:02.351,80.827,<no data>
2025-10-19 15:29:02.404,80.88,"1.540,2.230,57578"
2025-10-19 15:29:02.568,81.044,<no data>
2025-10-19 15:29:02.622,81.098,"2.690,2.690,57778"
2025-10-19 15:29:02.783,81.258,<no data>
2025-10-19 15:29:02.835,81.31,"3.380,1.540,57978"
2025-10-19 15:29:02.958,81.433,Launch Time: 6 s
2025-10-19 15:29:03.009,81.485,Mode: FIRE
2025-10-19 15:29:03.061,81.537,"1.540,2.690,58178"
2025-10-19 15:29:03.193,81.669,"1.540,2.230,58378"
2025-10-19 15:29:03.350,81.826,<no data>
2025-10-19 15:29:03.402,81.877,"1.080,1.540,58578"
2025-10-19 15:29:03.568,82.044,<no data>
2025-10-19 15:29:03.621,82.097,"3.840,3.840,58778"
2025-10-19 15:29:03.785,82.261,<no data>
2025-10-19 15:29:03.838,82.314,"2.690,1.080,58978"
2025-10-19 15:29:03.959,82.435,Launch Time: 7 s
2025-10-19 15:29:04.012,82.488,Mode: FIRE
2025-10-19 15:29:04.065,82.54,"2.690,2.230,59178"
2025-10-19 15:29:04.195,82.67,"2.230,2.230,59378"
2025-10-19 15:29:04.351,82.826,<no data>
2025-10-19 15:29:04.405,82.88,"1.540,3.380,59578"
2025-10-19 15:29:04.568,83.043,<no data>
2025-10-19 15:29:04.622,83.098,"1.540,1.540,59778"
2025-10-19 15:29:04.784,83.259,<no data>
2025-10-19 15:29:04.838,83.313,"1.540,2.690,59978"
2025-10-19 15:29:04.959,83.434,Launch Time: 8 s
2025-10-19 15:29:05.012,83.487,Mode: FIRE
2025-10-19 15:29:05.066,83.541,"2.230,1.540,60178"
2025-10-19 15:29:05.195,83.67,"0.390,0.390,60378"
2025-10-19 15:29:05.351,83.827,<no data>
2025-10-19 15:29:05.404,83.88,"3.380,1.540,60578"
2025-10-19 15:29:05.567,84.043,<no data>
2025-10-19 15:29:05.619,84.094,"2.230,2.690,60778"
2025-10-19 15:29:05.782,84.258,<no data>
2025-10-19 15:29:05.834,84.31,"2.690,3.380,60978"
2025-10-19 15:29:05.958,84.433,Launch Time: 9 s
2025-10-19 15:29:06.009,84.485,Mode: FIRE
2025-10-19 15:29:06.061,84.537,"1.540,1.540,61178"
2025-10-19 15:29:06.193,84.669,"0.390,2.230,61378"
2025-10-19 15:29:06.350,84.826,<no data>
2025-10-19 15:29:06.403,84.879,"1.080,1.080,61578"
2025-10-19 15:29:06.565,85.04,<no data>
2025-10-19 15:29:06.617,85.092,"2.230,1.080,61778"
2025-10-19 15:29:06.785,85.261,<no data>
2025-10-19 15:29:06.837,85.313,"2.230,2.230,61978"
2025-10-19 15:29:06.959,85.434,Launch Time: 10 s
2025-10-19 15:29:07.010,85.486,Mode: FIRE
2025-10-19 15:29:07.062,85.537,"0.390,3.380,62178"
2025-10-19 15:29:07.194,85.67,"2.230,2.690,62378"
2025-10-19 15:29:07.349,85.825,<no data>
2025-10-19 15:29:07.402,85.878,"1.080,1.540,62578"
2025-10-19 15:29:07.568,86.044,<no data>
2025-10-19 15:29:07.622,86.098,"2.690,1.080,62778"
2025-10-19 15:29:07.788,86.264,<no data>
2025-10-19 15:29:07.840,86.316,"1.540,1.540,62978"
2025-10-19 15:29:07.960,86.435,Launch Time: 11 s
2025-10-19 15:29:08.013,86.489,Mode: FIRE
2025-10-19 15:29:08.067,86.542,"1.540,1.540,63178"
2025-10-19 15:29:08.196,86.671,"-0.070,1.080,63378"
2025-10-19 15:29:08.353,86.829,<no data>
2025-10-19 15:29:08.406,86.882,"2.230,2.230,63578"
2025-10-19 15:29:08.569,87.044,<no data>
2025-10-19 15:29:08.623,87.099,"2.690,0.390,63778"
2025-10-19 15:29:08.785,87.261,<no data>
2025-10-19 15:29:08.838,87.314,"3.380,-0.070,63978"
2025-10-19 15:29:08.960,87.435,Launch Time: 12 s
2025-10-19 15:29:09.013,87.488,Mode: FIRE
2025-10-19 15:29:09.067,87.542,"2.230,2.690,64178"
2025-10-19 15:29:09.196,87.671,"2.690,-0.760,64378"
2025-10-19 15:29:09.351,87.826,<no data>
2025-10-19 15:29:09.403,87.879,"1.540,1.540,64578"
2025-10-19 15:29:09.568,88.044,<no data>
2025-10-19 15:29:09.622,88.098,"2.230,1.540,64778"
2025-10-19 15:29:09.784,88.26,<no data>
2025-10-19 15:29:09.837,88.313,"2.690,1.080,64978"
2025-10-19 15:29:09.959,88.435,Launch Time: 13 s
2025-10-19 15:29:10.012,88.487,Mode: FIRE
2025-10-19 15:29:10.065,88.541,"1.540,1.540,65178"
2025-10-19 15:29:10.194,88.67,"2.230,2.230,65378"
2025-10-19 15:29:10.351,88.826,<no data>
2025-10-19 15:29:10.404,88.879,"1.540,1.540,65578"
2025-10-19 15:29:10.566,89.042,<no data>
2025-10-19 15:29:10.620,89.096,"1.540,3.380,65778"
2025-10-19 15:29:10.785,89.261,<no data>
2025-10-19 15:29:10.840,89.316,"2.690,0.390,65978"
2025-10-19 15:29:10.959,89.434,Launch Time: 14 s
2025-10-19 15:29:11.010,89.486,Mode: FIRE
2025-10-19 15:29:11.062,89.538,"1.540,1.540,66178"
2025-10-19 15:29:11.195,89.67,"1.540,2.230,66378"
2025-10-19 15:29:11.352,89.828,<no data>
2025-10-19 15:29:11.406,89.882,"1.080,1.540,66578"
2025-10-19 15:29:11.568,90.043,<no data>
2025-10-19 15:29:11.621,90.096,"2.230,2.230,66778"
2025-10-19 15:29:11.785,90.261,<no data>
2025-10-19 15:29:11.839,90.314,"2.230,1.080,66978"
2025-10-19 15:29:11.959,90.434,Launch Time: 15 s
2025-10-19 15:29:12.010,90.486,Mode: FIRE
2025-10-19 15:29:12.064,90.539,"2.230,1.540,67178"
2025-10-19 15:29:12.194,90.669,"2.230,3.840,67378"
2025-10-19 15:29:12.352,90.828,<no data>
2025-10-19 15:29:12.405,90.881,"2.230,-0.070,67578"
2025-10-19 15:29:12.567,91.043,<no data>
2025-10-19 15:29:12.622,91.098,"2.230,2.230,67778"
2025-10-19 15:29:12.785,91.261,<no data>
2025-10-19 15:29:12.840,91.315,"2.230,1.540,67978"
2025-10-19 15:29:12.959,91.435,Launch Time: 16 s
2025-10-19 15:29:13.013,91.489,Mode: FIRE
2025-10-19 15:29:13.067,91.543,"2.230,2.230,68178"
2025-10-19 15:29:13.195,91.67,"0.390,0.390,68378"
2025-10-19 15:29:13.352,91.828,<no data>
2025-10-19 15:29:13.406,91.882,"2.690,1.540,68578"
2025-10-19 15:29:13.568,92.044,<no data>
2025-10-19 15:29:13.622,92.098,"1.080,1.540,68778"
2025-10-19 15:29:13.785,92.261,<no data>
2025-10-19 15:29:13.840,92.315,"2.230,1.540,68978"
2025-10-19 15:29:13.959,92.434,Launch Time: 17 s
2025-10-19 15:29:14.011,92.486,Mode: FIRE
2025-10-19 15:29:14.062,92.538,"2.230,-0.760,69178"
2025-10-19 15:29:14.195,92.67,"2.230,2.230,69378"
2025-10-19 15:29:14.351,92.827,<no data>
2025-10-19 15:29:14.404,92.88,"1.540,2.230,69578"
2025-10-19 15:29:14.568,93.044,<no data>
2025-10-19 15:29:14.621,93.097,"1.540,2.230,69778"
2025-10-19 15:29:14.785,93.261,<no data>
2025-10-19 15:29:14.839,93.315,"2.230,2.230,69978"
2025-10-19 15:29:14.959,93.435,Launch Time: 18 s
2025-10-19 15:29:15.012,93.488,Mode: FIRE
2025-10-19 15:29:15.064,93.539,"2.230,-0.070,70178"
2025-10-19 15:29:15.194,93.67,"2.690,1.080,70378"
2025-10-19 15:29:15.352,93.828,<no data>
2025-10-19 15:29:15.408,93.883,"1.080,1.080,70578"
2025-10-19 15:29:15.568,94.043,<no data>
2025-10-19 15:29:15.621,94.097,"1.080,1.540,70778"
2025-10-19 15:29:15.785,94.261,<no data>
2025-10-19 15:29:15.839,94.315,"1.540,1.540,70978"
2025-10-19 15:29:15.960,94.435,Launch Time: 19 s
2025-10-19 15:29:16.012,94.488,Mode: FIRE
2025-10-19 15:29:16.064,94.54,"1.080,2.230,71178"
2025-10-19 15:29:16.194,94.67,"1.540,1.080,71378"
2025-10-19 15:29:16.349,94.825,<no data>
2025-10-19 15:29:16.402,94.878,"2.230,2.230,71578"
2025-10-19 15:29:16.567,95.042,<no data>
2025-10-19 15:29:16.620,95.095,"1.540,2.690,71778"
2025-10-19 15:29:16.785,95.26,<no data>
2025-10-19 15:29:16.839,95.315,"2.230,0.390,71978"
2025-10-19 15:29:16.960,95.435,Launch Time: 20 s
2025-10-19 15:29:17.013,95.489,Mode: FIRE
2025-10-19 15:29:17.066,95.542,"1.540,2.230,72178"
2025-10-19 15:29:17.194,95.669,"1.080,1.540,72378"
2025-10-19 15:29:17.353,95.828,<no data>
2025-10-19 15:29:17.408,95.884,"1.080,1.080,72578"
2025-10-19 15:29:17.568,96.044,<no data>
2025-10-19 15:29:17.622,96.097,"2.230,2.230,72778"
2025-10-19 15:29:17.785,96.261,<no data>
2025-10-19 15:29:17.839,96.315,"3.380,1.080,72978"
2025-10-19 15:29:17.960,96.436,Launch Time: 21 s
2025-10-19 15:29:18.014,96.49,Mode: FIRE
2025-10-19 15:29:18.067,96.543,"2.230,2.230,73178"
2025-10-19 15:29:18.194,96.67,"2.230,2.230,73378"
2025-10-19 15:29:18.352,96.828,<no data>
2025-10-19 15:29:18.407,96.882,"1.540,2.690,73578"
2025-10-19 15:29:18.568,97.043,<no data>
2025-10-19 15:29:18.621,97.097,"2.690,2.690,73778"
2025-10-19 15:29:18.785,97.26,<no data>
2025-10-19 15:29:18.839,97.315,"0.390,1.540,73978"
2025-10-19 15:29:18.959,97.435,Launch Time: 22 s
2025-10-19 15:29:19.013,97.489,Mode: FIRE
2025-10-19 15:29:19.066,97.542,"1.540,1.540,74178"
2025-10-19 15:29:19.194,97.67,"1.540,2.230,74378"
2025-10-19 15:29:19.349,97.824,<no data>
2025-10-19 15:29:19.400,97.876,"1.540,1.080,74578"
2025-10-19 15:29:19.567,98.043,<no data>
2025-10-19 15:29:19.620,98.096,"1.540,1.540,74778"
2025-10-19 15:29:19.785,98.26,<no data>
2025-10-19 15:29:19.838,98.314,"2.230,2.230,74978"
2025-10-19 15:29:19.960,98.435,Launch Time: 23 s
2025-10-19 15:29:20.013,98.489,Mode: FIRE
2025-10-19 15:29:20.066,98.542,"1.540,-0.070,75178"
2025-10-19 15:29:20.194,98.669,"2.690,2.690,75378"
2025-10-19 15:29:20.352,98.828,<no data>
2025-10-19 15:29:20.407,98.882,"2.690,1.540,75578"
2025-10-19 15:29:20.569,99.044,<no data>
2025-10-19 15:29:20.623,99.098,"1.540,1.540,75778"
2025-10-19 15:29:20.785,99.261,<no data>
2025-10-19 15:29:20.840,99.315,"1.080,1.540,75978"
2025-10-19 15:29:20.960,99.435,Launch Time: 24 s
2025-10-19 15:29:21.013,99.489,Mode: FIRE
2025-10-19 15:29:21.068,99.544,"2.690,1.540,76178"
2025-10-19 15:29:21.194,99.67,"1.540,1.540,76378"
2025-10-19 15:29:21.351,99.827,<no data>
2025-10-19 15:29:21.406,99.881,"2.690,1.080,76578"
2025-10-19 15:29:21.560,100.036,<no data>
2025-10-19 15:29:21.614,100.09,"1.080,1.540,76778"
2025-10-19 15:29:21.783,100.259,<no data>
2025-10-19 15:29:21.837,100.313,"1.540,1.540,76978"
2025-10-19 15:29:21.960,100.436,Launch Time: 25 s
2025-10-19 15:29:22.014,100.489,Mode: FIRE
2025-10-19 15:29:22.067,100.543,"0.390,1.540,77178"
2025-10-19 15:29:22.193,100.669,"1.540,0.390,77378"
2025-10-19 15:29:22.351,100.826,<no data>
2025-10-19 15:29:22.404,100.88,"1.080,1.080,77578"
2025-10-19 15:29:22.568,101.044,<no data>
2025-10-19 15:29:22.623,101.098,"1.540,0.390,77778"
2025-10-19 15:29:22.785,101.26,<no data>
2025-10-19 15:29:22.840,101.315,"1.080,1.080,77978"
2025-10-19 15:29:22.960,101.435,Launch Time: 26 s
2025-10-19 15:29:23.013,101.489,Mode: FIRE
2025-10-19 15:29:23.066,101.542,"2.230,2.230,78178"
2025-10-19 15:29:23.119,101.594,Mode: FILL
2025-10-19 15:29:23.172,101.648,Fill Time: 52 s
2025-10-19 15:29:23.224,101.7,"1.540,1.080,78378"
2025-10-19 15:29:23.384,101.86,<no data>
2025-10-19 15:29:23.439,101.915,"2.230,2.230,78578"
2025-10-19 15:29:23.594,102.07,"2.230,2.690,78778"
2025-10-19 15:29:23.751,102.226,<no data>
2025-10-19 15:29:23.804,102.279,"1.080,2.230,78978"
2025-10-19 15:29:23.968,102.444,<no data>
2025-10-19 15:29:24.022,102.498,"2.230,2.690,79178"
2025-10-19 15:29:24.095,102.571,Mode: FILL
2025-10-19 15:29:24.149,102.625,Fill Time: 53 s
2025-10-19 15:29:24.203,102.679,"1.080,1.540,79378"
2025-10-19 15:29:24.367,102.843,<no data>
2025-10-19 15:29:24.421,102.897,"2.230,2.690,79578"
2025-10-19 15:29:24.584,103.059,<no data>
2025-10-19 15:29:24.637,103.113,"3.840,2.230,79778"
2025-10-19 15:29:24.794,103.269,"2.690,0.390,79978"
2025-10-19 15:29:24.846,103.322,Mode: REST
2025-10-19 15:29:24.994,103.47,"2.690,2.690,80178"
2025-10-19 15:29:25.152,103.628,<no data>
2025-10-19 15:29:25.207,103.682,"1.540,1.540,80378"
2025-10-19 15:29:25.367,103.843,<no data>
2025-10-19 15:29:25.421,103.897,"0.390,2.230,80578"
2025-10-19 15:29:25.586,104.061,<no data>
2025-10-19 15:29:25.640,104.116,"2.690,2.230,80778"
2025-10-19 15:29:25.793,104.269,"1.080,1.540,80978"
2025-10-19 15:29:25.845,104.321,Mode: REST
2025-10-19 15:29:25.994,104.47,"0.390,1.080,81178"
2025-10-19 15:29:26.153,104.628,<no data>
2025-10-19 15:29:26.207,104.683,"1.540,2.690,81378"
2025-10-19 15:29:26.369,104.844,<no data>
2025-10-19 15:29:26.422,104.898,"1.540,1.080,81578"
2025-10-19 15:29:26.585,105.06,<no data>
2025-10-19 15:29:26.639,105.114,"1.540,1.540,81778"
2025-10-19 15:29:26.794,105.269,"1.540,1.540,81978"
2025-10-19 15:29:26.847,105.323,Mode: REST
2025-10-19 15:29:26.995,105.47,"1.080,2.690,82178"
2025-10-19 15:29:27.152,105.628,<no data>
2025-10-19 15:29:27.206,105.682,"1.540,1.540,82378"
2025-10-19 15:29:27.367,105.843,<no data>
2025-10-19 15:29:27.420,105.895,"1.540,1.080,82578"
2025-10-19 15:29:27.585,106.06,<no data>
2025-10-19 15:29:27.640,106.115,"1.540,1.540,82778"
2025-10-19 15:29:27.793,106.269,"1.080,1.540,82978"
2025-10-19 15:29:27.846,106.321,Mode: REST
2025-10-19 15:29:27.994,106.47,"2.690,2.690,83178"
2025-10-19 15:29:28.152,106.627,<no data>
2025-10-19 15:29:28.206,106.682,"1.080,2.230,83378"
2025-10-19 15:29:28.366,106.842,<no data>
2025-10-19 15:29:28.418,106.894,"2.230,1.540,83578"
2025-10-19 15:29:28.585,107.06,<no data>
2025-10-19 15:29:28.640,107.115,"2.690,3.380,83778"
2025-10-19 15:29:28.794,107.27,"2.690,2.690,83978"
2025-10-19 15:29:28.848,107.323,Mode: REST
2025-10-19 15:29:28.994,107.47,"3.380,2.230,84178"
2025-10-19 15:29:29.151,107.627,<no data>
2025-10-19 15:29:29.206,107.682,"3.380,2.230,84378"
2025-10-19 15:29:29.366,107.842,<no data>
2025-10-19 15:29:29.419,107.895,"1.540,1.540,84578"
2025-10-19 15:29:29.584,108.06,<no data>
2025-10-19 15:29:29.638,108.114,"1.540,2.690,84778"
2025-10-19 15:29:29.794,108.27,"2.230,1.080,84978"
2025-10-19 15:29:29.848,108.324,Mode: REST
2025-10-19 15:29:29.994,108.47,"1.540,3.840,85178"
2025-10-19 15:29:30.151,108.626,<no data>
2025-10-19 15:29:30.204,108.68,"2.230,2.230,85378"
2025-10-19 15:29:30.368,108.844,<no data>
2025-10-19 15:29:30.422,108.897,"2.690,2.230,85578"
2025-10-19 15:29:30.584,109.06,<no data>
2025-10-19 15:29:30.638,109.114,"2.230,1.540,85778"
2025-10-19 15:29:30.794,109.27,"2.230,1.540,85978"
2025-10-19 15:29:30.847,109.323,Mode: REST
2025-10-19 15:29:30.994,109.469,"2.230,2.230,86178"
2025-10-19 15:29:31.152,109.628,<no data>
2025-10-19 15:29:31.207,109.683,"3.380,2.690,86378"
2025-10-19 15:29:31.367,109.843,<no data>
2025-10-19 15:29:31.420,109.896,"2.230,2.230,86578"
2025-10-19 15:29:31.584,110.06,<no data>
2025-10-19 15:29:31.639,110.115,"2.690,2.690,86778"
2025-10-19 15:29:31.794,110.27,"1.540,1.540,86978"
2025-10-19 15:29:31.848,110.324,Mode: REST
2025-10-19 15:29:31.994,110.47,"1.540,1.540,87178"
2025-10-19 15:29:32.151,110.626,<no data>
2025-10-19 15:29:32.205,110.681,"2.690,2.230,87378"
2025-10-19 15:29:32.367,110.843,<no data>
2025-10-19 15:29:32.422,110.898,"2.230,2.230,87578"
2025-10-19 15:29:32.583,111.059,<no data>
2025-10-19 15:29:32.636,111.112,"2.230,1.540,87778"
2025-10-19 15:29:32.794,111.27,"1.540,1.080,87978"
2025-10-19 15:29:32.849,111.324,Mode: REST
2025-10-19 15:29:32.993,111.469,"1.540,3.380,88178"
2025-10-19 15:29:33.151,111.627,<no data>
2025-10-19 15:29:33.205,111.681,"2.690,2.690,88378"
2025-10-19 15:29:33.367,111.843,<no data>
2025-10-19 15:29:33.421,111.897,"1.540,1.080,88578"
2025-10-19 15:29:33.584,112.06,<no data>
2025-10-19 15:29:33.639,112.115,"1.080,1.540,88778"
2025-10-19 15:29:33.794,112.27,"1.540,1.540,88978"
2025-10-19 15:29:33.848,112.324,Mode: REST
2025-10-19 15:29:33.994,112.469,"2.230,1.540,89178"
2025-10-19 15:29:34.151,112.627,<no data>
2025-10-19 15:29:34.206,112.681,"3.380,2.690,89378"
2025-10-19 15:29:34.367,112.843,<no data>
2025-10-19 15:29:34.421,112.896,"2.690,1.080,89578"
2025-10-19 15:29:34.583,113.059,<no data>
2025-10-19 15:29:34.636,113.112,"2.230,2.230,89778"
2025-10-19 15:29:34.794,113.27,"2.690,2.690,89978"
2025-10-19 15:29:34.847,113.323,Mode: REST
2025-10-19 15:29:34.994,113.47,"2.230,2.230,90178"
2025-10-19 15:29:35.152,113.628,<no data>
2025-10-19 15:29:35.206,113.682,"1.080,1.540,90378"
2025-10-19 15:29:35.369,113.845,<no data>
2025-10-19 15:29:35.422,113.898,"2.690,2.690,90578"
2025-10-19 15:29:35.584,114.06,<no data>
2025-10-19 15:29:35.638,114.113,"1.080,1.540,90778"
2025-10-19 15:29:35.793,114.269,"2.230,2.690,90978"
2025-10-19 15:29:35.846,114.321,Mode: REST
2025-10-19 15:29:35.994,114.47,"2.230,2.230,91178"
2025-10-19 15:29:36.151,114.627,<no data>
2025-10-19 15:29:36.205,114.681,"2.230,1.080,91378"
2025-10-19 15:29:36.367,114.843,<no data>
2025-10-19 15:29:36.421,114.896,"1.540,2.230,91578"
2025-10-19 15:29:36.584,115.059,<no data>
2025-10-19 15:29:36.636,115.112,"2.690,2.230,91778"
2025-10-19 15:29:36.793,115.269,"0.390,2.230,91978"
2025-10-19 15:29:36.845,115.32,Mode: REST
2025-10-19 15:29:36.994,115.47,"1.540,1.540,92178"
2025-10-19 15:29:37.150,115.626,<no data>
2025-10-19 15:29:37.204,115.68,"1.540,1.540,92378"
2025-10-19 15:29:37.367,115.843,<no data>
2025-10-19 15:29:37.422,115.897,"1.540,2.230,92578"
2025-10-19 15:29:37.584,116.06,<no data>
2025-10-19 15:29:37.637,116.113,"1.080,1.080,92778"
2025-10-19 15:29:37.794,116.27,"1.540,2.230,92978"
2025-10-19 15:29:37.848,116.323,Mode: REST
2025-10-19 15:29:37.994,116.47,"2.690,1.080,93178"
2025-10-19 15:29:38.151,116.627,<no data>
2025-10-19 15:29:38.204,116.68,"2.690,2.690,93378"
2025-10-19 15:29:38.367,116.843,<no data>
2025-10-19 15:29:38.421,116.897,"1.080,2.230,93578"
2025-10-19 15:29:38.585,117.061,<no data>
2025-10-19 15:29:38.639,117.114,"2.690,1.540,93778"
2025-10-19 15:29:38.793,117.269,"2.230,2.230,93978"
2025-10-19 15:29:38.845,117.321,Mode: REST
2025-10-19 15:29:38.994,117.47,"1.540,1.540,94178"
2025-10-19 15:29:39.150,117.626,<no data>
2025-10-19 15:29:39.204,117.679,"2.690,2.230,94378"
2025-10-19 15:29:39.367,117.843,<no data>
2025-10-19 15:29:39.422,117.898,"2.230,2.690,94578"
2025-10-19 15:29:39.588,118.063,<no data>
2025-10-19 15:29:39.641,118.117,"1.540,1.080,94778"
2025-10-19 15:29:39.794,118.27,"1.080,1.080,94978"
2025-10-19 15:29:39.848,118.324,Mode: REST
2025-10-19 15:29:39.994,118.47,"2.230,3.380,95178"
2025-10-19 15:29:40.151,118.627,<no data>
2025-10-19 15:29:40.204,118.68,"2.230,1.540,95378"
2025-10-19 15:29:40.368,118.843,<no data>
2025-10-19 15:29:40.422,118.898,"1.540,1.540,95578"
2025-10-19 15:29:40.584,119.06,<no data>
2025-10-19 15:29:40.639,119.114,"2.690,2.230,95778"
2025-10-19 15:29:40.794,119.269,"1.080,3.380,95978"
2025-10-19 15:29:40.846,119.322,Mode: REST
2025-10-19 15:29:40.994,119.47,"2.230,2.230,96178"
2025-10-19 15:29:41.152,119.628,<no data>
2025-10-19 15:29:41.207,119.682,"2.230,1.080,96378"
2025-10-19 15:29:41.367,119.843,<no data>
2025-10-19 15:29:41.422,119.898,"1.540,2.690,96578"
2025-10-19 15:29:41.585,120.06,<no data>
2025-10-19 15:29:41.639,120.115,"2.230,1.540,96778"
2025-10-19 15:29:41.794,120.269,"1.080,2.230,96978"
2025-10-19 15:29:41.846,120.322,Mode: REST
2025-10-19 15:29:41.994,120.47,"1.540,0.390,97178"
2025-10-19 15:29:42.152,120.628,<no data>
2025-10-19 15:29:42.206,120.681,"1.540,1.540,97378"
2025-10-19 15:29:42.367,120.843,<no data>
2025-10-19 15:29:42.422,120.897,"1.540,1.540,97578"
2025-10-19 15:29:42.585,121.061,<no data>
2025-10-19 15:29:42.640,121.115,"2.230,2.230,97778"
2025-10-19 15:29:42.794,121.27,"1.080,2.690,97978"
2025-10-19 15:29:42.847,121.323,Mode: REST
2025-10-19 15:29:42.994,121.469,"1.540,1.540,98178"
2025-10-19 15:29:43.151,121.626,<no data>
2025-10-19 15:29:43.205,121.681,"2.230,2.230,98378"
2025-10-19 15:29:43.367,121.842,<no data>
2025-10-19 15:29:43.420,121.895,"1.080,2.230,98578"
2025-10-19 15:29:43.585,122.061,<no data>
2025-10-19 15:29:43.639,122.115,"2.230,1.540,98778"
2025-10-19 15:29:43.793,122.269,"2.230,2.230,98978"
2025-10-19 15:29:43.845,122.32,Mode: REST
2025-10-19 15:29:43.994,122.47,"2.230,1.080,99178"
2025-10-19 15:29:44.151,122.627,<no data>
2025-10-19 15:29:44.206,122.681,"2.230,2.230,99378"
2025-10-19 15:29:44.366,122.842,<no data>
2025-10-19 15:29:44.421,122.897,"2.230,2.230,99578"
2025-10-19 15:29:44.584,123.06,<no data>
2025-10-19 15:29:44.638,123.114,"2.690,2.230,99778"
2025-10-19 15:29:44.794,123.269,"3.380,2.230,99978"
2025-10-19 15:29:44.847,123.323,Mode: REST
2025-10-19 15:29:44.995,123.471,"2.690,1.540,100178"
2025-10-19 15:29:45.150,123.625,<no data>
2025-10-19 15:29:45.203,123.679,"1.080,2.230,100378"
2025-10-19 15:29:45.369,123.844,<no data>
2025-10-19 15:29:45.421,123.897,"1.540,1.540,100578"
2025-10-19 15:29:45.584,124.06,<no data>
2025-10-19 15:29:45.639,124.115,"2.690,1.540,100778"
2025-10-19 15:29:45.795,124.271,"2.230,2.230,100978"
2025-10-19 15:29:45.849,124.324,Mode: REST
2025-10-19 15:29:45.995,124.47,"0.390,0.390,101178"
2025-10-19 15:29:46.150,124.626,<no data>
2025-10-19 15:29:46.206,124.681,"1.540,1.540,101378"
2025-10-19 15:29:46.367,124.843,<no data>
2025-10-19 15:29:46.421,124.896,"2.230,2.230,101578"
2025-10-19 15:29:46.584,125.06,<no data>
2025-10-19 15:29:46.639,125.114,"2.690,2.690,101778"
2025-10-19 15:29:46.795,125.271,"2.690,2.690,101978"
2025-10-19 15:29:46.849,125.324,Mode: REST
2025-10-19 15:29:46.995,125.471,"1.080,2.230,102178"
2025-10-19 15:29:47.166,125.641,<no data>
2025-10-19 15:29:47.220,125.695,"2.230,2.690,102378"
2025-10-19 15:29:47.383,125.859,<no data>
2025-10-19 15:29:47.437,125.913,"2.230,1.080,102578"
2025-10-19 15:29:47.594,126.07,"2.230,0.390,102778"
2025-10-19 15:29:47.752,126.228,<no data>
2025-10-19 15:29:47.815,126.29,"2.230,1.540,102978"
2025-10-19 15:29:47.869,126.345,Mode: REST
2025-10-19 15:29:47.995,126.471,"1.540,2.690,103178"
2025-10-19 15:29:48.150,126.626,<no data>
2025-10-19 15:29:48.204,126.68,"2.230,2.690,103378"
2025-10-19 15:29:48.368,126.843,<no data>
2025-10-19 15:29:48.421,126.897,"1.080,2.690,103578"
2025-10-19 15:29:48.584,127.06,<no data>
2025-10-19 15:29:48.639,127.114,"1.540,1.540,103778"
2025-10-19 15:29:48.795,127.271,"2.690,2.690,103978"
2025-10-19 15:29:48.849,127.325,Mode: REST
2025-10-19 15:29:48.995,127.47,"1.080,2.690,104178"
2025-10-19 15:29:49.153,127.629,<no data>
2025-10-19 15:29:49.207,127.683,"2.230,1.540,104378"
2025-10-19 15:29:49.366,127.842,<no data>
2025-10-19 15:29:49.420,127.896,"1.540,1.540,104578"
2025-10-19 15:29:49.584,128.059,<no data>
2025-10-19 15:29:49.638,128.113,"1.540,1.540,104778"
2025-10-19 15:29:49.795,128.271,"1.080,2.230,104978"
2025-10-19 15:29:49.849,128.325,Mode: REST
2025-10-19 15:29:49.995,128.47,"1.540,1.540,105178"
2025-10-19 15:29:50.151,128.627,<no data>
2025-10-19 15:29:50.206,128.682,"1.540,1.080,105378"
2025-10-19 15:29:50.368,128.843,<no data>
2025-10-19 15:29:50.423,128.899,"2.230,2.690,105578"
2025-10-19 15:29:50.584,129.059,<no data>
2025-10-19 15:29:50.638,129.113,"2.230,2.690,105778"
2025-10-19 15:29:50.795,129.271,"1.540,1.540,105978"
2025-10-19 15:29:50.848,129.324,Mode: REST
2025-10-19 15:29:50.994,129.47,"3.380,2.690,106178"
2025-10-19 15:29:51.151,129.627,<no data>
2025-10-19 15:29:51.205,129.681,"2.230,0.390,106378"
2025-10-19 15:29:51.367,129.842,<no data>
2025-10-19 15:29:51.421,129.896,"2.230,2.230,106578"
2025-10-19 15:29:51.584,130.06,<no data>
2025-10-19 15:29:51.639,130.114,"1.080,2.230,106778"
2025-10-19 15:29:51.794,130.27,"2.230,1.080,106978"
2025-10-19 15:29:51.847,130.323,Mode: REST
2025-10-19 15:29:51.995,130.471,"2.230,1.080,107178"
2025-10-19 15:29:52.151,130.627,<no data>
2025-10-19 15:29:52.206,130.682,"1.080,1.080,107378"
2025-10-19 15:29:52.369,130.844,<no data>
2025-10-19 15:29:52.423,130.899,"1.540,1.080,107578"
2025-10-19 15:29:52.585,131.06,<no data>
2025-10-19 15:29:52.639,131.114,"1.540,1.080,107778"
2025-10-19 15:29:52.795,131.271,"1.540,1.540,107978"
2025-10-19 15:29:52.849,131.324,Mode: REST
2025-10-19 15:29:52.995,131.471,"2.230,2.230,108178"
2025-10-19 15:29:53.152,131.627,<no data>
2025-10-19 15:29:53.206,131.682,"1.540,1.080,108378"
2025-10-19 15:29:53.370,131.845,<no data>
2025-10-19 15:29:53.423,131.899,"2.690,2.690,108578"
2025-10-19 15:29:53.583,132.059,<no data>
2025-10-19 15:29:53.637,132.112,"1.540,2.230,108778"
2025-10-19 15:29:53.795,132.271,"1.080,2.230,108978"
2025-10-19 15:29:53.849,132.325,Mode: REST
2025-10-19 15:29:53.994,132.47,"1.540,2.230,109178"
2025-10-19 15:29:54.151,132.626,<no data>
2025-10-19 15:29:54.205,132.681,"3.840,2.230,109378"
2025-10-19 15:29:54.367,132.842,<no data>
2025-10-19 15:29:54.421,132.897,"2.230,1.540,109578"
2025-10-19 15:29:54.583,133.059,<no data>
2025-10-19 15:29:54.637,133.113,"2.690,0.390,109778"
2025-10-19 15:29:54.795,133.271,"0.390,2.690,109978"
2025-10-19 15:29:54.850,133.325,Mode: REST
2025-10-19 15:29:54.995,133.471,"3.380,1.540,110178"
2025-10-19 15:29:55.150,133.626,<no data>
2025-10-19 15:29:55.204,133.68,"1.080,1.080,110378"
2025-10-19 15:29:55.368,133.844,<no data>
2025-10-19 15:29:55.423,133.899,"3.840,2.690,110578"
2025-10-19 15:29:55.582,134.058,<no data>
2025-10-19 15:29:55.634,134.11,"2.230,1.540,110778"
2025-10-19 15:29:55.795,134.271,"2.690,2.230,110978"
2025-10-19 15:29:55.849,134.325,Mode: REST
2025-10-19 15:29:55.995,134.471,"2.230,3.840,111178"
2025-10-19 15:29:56.151,134.627,<no data>
2025-10-19 15:29:56.204,134.68,"2.230,2.230,111378"
2025-10-19 15:29:56.368,134.843,<no data>
2025-10-19 15:29:56.421,134.897,"2.230,2.690,111578"
2025-10-19 15:29:56.584,135.06,<no data>
2025-10-19 15:29:56.637,135.113,"2.690,1.540,111778"
2025-10-19 15:29:56.795,135.271,"1.080,1.080,111978"
2025-10-19 15:29:56.849,135.324,Mode: REST
2025-10-19 15:29:56.995,135.471,"1.540,3.380,112178"
2025-10-19 15:29:57.151,135.626,<no data>
2025-10-19 15:29:57.203,135.679,"2.690,1.080,112378"
2025-10-19 15:29:57.367,135.843,<no data>
2025-10-19 15:29:57.421,135.897,"2.230,2.230,112578"
2025-10-19 15:29:57.583,136.059,<no data>
2025-10-19 15:29:57.637,136.112,"1.080,1.080,112778"
2025-10-19 15:29:57.795,136.271,"2.230,1.080,112978"
2025-10-19 15:29:57.848,136.324,Mode: REST
2025-10-19 15:29:57.995,136.471,"1.540,1.540,113178"
2025-10-19 15:29:58.153,136.628,<no data>
2025-10-19 15:29:58.205,136.681,"1.540,2.690,113378"
2025-10-19 15:29:58.367,136.842,<no data>
2025-10-19 15:29:58.420,136.896,"2.230,2.690,113578"
2025-10-19 15:29:58.584,137.06,<no data>
2025-10-19 15:29:58.638,137.113,"0.390,2.690,113778"
2025-10-19 15:29:58.795,137.271,"1.540,2.690,113978"
2025-10-19 15:29:58.849,137.324,Mode: REST
2025-10-19 15:29:58.995,137.471,"1.540,2.230,114178"
2025-10-19 15:29:59.151,137.626,<no data>
2025-10-19 15:29:59.204,137.679,"2.230,2.230,114378"
2025-10-19 15:29:59.368,137.844,<no data>
2025-10-19 15:29:59.422,137.898,"2.230,2.690,114578"
2025-10-19 15:29:59.584,138.06,<no data>
2025-10-19 15:29:59.639,138.115,"1.540,2.690,114778"
2025-10-19 15:29:59.794,138.27,"2.230,1.540,114978"
2025-10-19 15:29:59.847,138.323,Mode: REST
2025-10-19 15:29:59.995,138.471,"2.690,2.230,115178"
2025-10-19 15:30:00.151,138.627,<no data>
2025-10-19 15:30:00.205,138.681,"1.540,1.540,115378"
2025-10-19 15:30:00.366,138.842,<no data>
2025-10-19 15:30:00.420,138.896,"1.540,2.230,115578"
2025-10-19 15:30:00.585,139.06,<no data>
2025-10-19 15:30:00.639,139.115,"2.230,1.540,115778"
2025-10-19 15:30:00.794,139.269,"3.380,3.380,115978"
2025-10-19 15:30:00.845,139.321,Mode: REST
2025-10-19 15:30:00.994,139.469,"3.380,1.080,116178"
2025-10-19 15:30:01.151,139.627,<no data>
2025-10-19 15:30:01.205,139.68,"0.390,2.230,116378"
2025-10-19 15:30:01.367,139.843,<no data>
2025-10-19 15:30:01.420,139.896,"3.380,3.380,116578"
2025-10-19 15:30:01.584,140.06,<no data>
2025-10-19 15:30:01.639,140.114,"1.080,0.390,116778"
2025-10-19 15:30:01.794,140.269,"1.080,0.390,116978"
2025-10-19 15:30:01.845,140.321,Mode: REST
2025-10-19 15:30:01.994,140.469,"2.230,2.230,117178"
2025-10-19 15:30:02.150,140.625,<no data>
2025-10-19 15:30:02.202,140.678,"1.540,1.540,117378"
2025-10-19 15:30:02.366,140.842,<no data>
2025-10-19 15:30:02.420,140.896,"2.690,2.230,117578"
2025-10-19 15:30:02.584,141.06,<no data>
2025-10-19 15:30:02.638,141.114,"2.230,2.230,117778"
2025-10-19 15:30:02.794,141.27,"2.230,2.230,117978"
2025-10-19 15:30:02.847,141.323,Mode: REST
2025-10-19 15:30:02.995,141.471,"1.540,2.690,118178"
2025-10-19 15:30:03.151,141.627,<no data>
2025-10-19 15:30:03.206,141.682,"1.540,0.390,118378"
2025-10-19 15:30:03.367,141.842,<no data>
2025-10-19 15:30:03.420,141.895,"2.230,1.540,118578"
2025-10-19 15:30:03.584,142.059,<no data>
2025-10-19 15:30:03.638,142.114,"0.390,2.230,118778"
2025-10-19 15:30:03.794,142.27,"2.230,2.230,118978"
2025-10-19 15:30:03.846,142.322,Mode: REST
2025-10-19 15:30:03.995,142.471,"1.080,1.080,119178"
2025-10-19 15:30:04.150,142.626,<no data>
2025-10-19 15:30:04.204,142.68,"2.230,1.540,119378"
2025-10-19 15:30:04.368,142.843,<no data>
2025-10-19 15:30:04.421,142.897,"2.690,0.390,119578"
2025-10-19 15:30:04.584,143.06,<no data>
2025-10-19 15:30:04.639,143.114,"0.390,1.540,119778"
2025-10-19 15:30:04.795,143.271,"1.540,1.540,119978"
2025-10-19 15:30:04.849,143.324,Mode: REST
2025-10-19 15:30:04.995,143.471,"2.230,1.540,120178"
2025-10-19 15:30:05.152,143.627,<no data>
2025-10-19 15:30:05.207,143.682,"2.230,1.080,120378"
2025-10-19 15:30:05.366,143.842,<no data>
2025-10-19 15:30:05.420,143.896,"2.230,2.230,120578"
2025-10-19 15:30:05.586,144.061,<no data>
2025-10-19 15:30:05.640,144.116,"1.540,1.540,120778"
2025-10-19 15:30:05.795,144.27,"1.540,1.540,120978"
2025-10-19 15:30:05.848,144.324,Mode: REST
2025-10-19 15:30:05.995,144.471,"1.080,1.080,121178"
2025-10-19 15:30:06.150,144.626,<no data>
2025-10-19 15:30:06.204,144.68,"2.230,2.230,121378"
2025-10-19 15:30:06.366,144.841,<no data>
2025-10-19 15:30:06.419,144.895,"1.080,2.690,121578"
2025-10-19 15:30:06.584,145.06,<no data>
2025-10-19 15:30:06.638,145.114,"1.540,1.540,121778"
2025-10-19 15:30:06.795,145.27,"2.230,0.390,121978"
2025-10-19 15:30:06.848,145.323,Mode: REST
2025-10-19 15:30:06.995,145.471,"2.230,2.230,122178"
2025-10-19 15:30:07.156,145.632,<no data>
2025-10-19 15:30:07.210,145.686,"-0.760,0.390,122378"
2025-10-19 15:30:07.367,145.843,<no data>
2025-10-19 15:30:07.420,145.895,"0.390,0.390,122578"
2025-10-19 15:30:07.584,146.059,<no data>
2025-10-19 15:30:07.639,146.115,"1.540,1.540,122778"
2025-10-19 15:30:07.795,146.27,"1.540,0.390,122978"
2025-10-19 15:30:07.848,146.324,Mode: REST
2025-10-19 15:30:08.016,146.492,<no data>
2025-10-19 15:30:08.179,146.655,<no data>
2025-10-19 15:30:08.347,146.823,<no data>
2025-10-19 15:30:08.509,146.985,<no data>
2025-10-19 15:30:08.669,147.144,<no data>
2025-10-19 15:30:08.833,147.309,<no data>
2025-10-19 15:30:08.994,147.47,<no data>
2025-10-19 15:30:09.157,147.633,<no data>
2025-10-19 15:30:09.317,147.793,<no data>
2025-10-19 15:30:09.478,147.954,<no data>
2025-10-19 15:30:09.641,148.117,<no data>
2025-10-19 15:30:09.804,148.28,<no data>
2025-10-19 15:30:09.963,148.439,<no data>
2025-10-19 15:30:10.121,148.597,<no data>
2025-10-19 15:30:10.282,148.758,<no data>
2025-10-19 15:30:10.447,148.923,<no data>
2025-10-19 15:30:10.608,149.084,<no data>
2025-10-19 15:30:10.768,149.244,<no data>
2025-10-19 15:30:10.933,149.409,<no data>
2025-10-19 15:30:11.096,149.572,<no data>
2025-10-19 15:30:11.258,149.734,<no data>
2025-10-19 15:30:11.418,149.893,<no data>
2025-10-19 15:30:11.580,150.055,<no data>
2025-10-19 15:30:11.742,150.218,<no data>
2025-10-19 15:30:11.902,150.378,<no data>
2025-10-19 15:30:12.063,150.539,<no data>
2025-10-19 15:30:12.223,150.699,<no data>
2025-10-19 15:30:12.383,150.858,<no data>
2025-10-19 15:30:12.548,151.024,<no data>
2025-10-19 15:30:12.711,151.187,<no data>
2025-10-19 15:30:12.874,151.35,<no data>
2025-10-19 15:30:13.034,151.509,<no data>
2025-10-19 15:30:13.195,151.671,<no data>
2025-10-19 15:30:13.354,151.83,<no data>
2025-10-19 15:30:13.516,151.992,<no data>
2025-10-19 15:30:13.680,152.156,<no data>
2025-10-19 15:30:13.843,152.319,<no data>
2025-10-19 15:30:14.004,152.48,<no data>
2025-10-19 15:30:14.165,152.641,<no data>
2025-10-19 15:30:14.325,152.801,<no data>
2025-10-19 15:30:14.485,152.961,<no data>
2025-10-19 15:30:14.650,153.125,<no data>
2025-10-19 15:30:14.813,153.289,<no data>
2025-10-19 15:30:14.975,153.45,<no data>
2025-10-19 15:30:15.135,153.61,<no data>
2025-10-19 15:30:15.298,153.774,<no data>
2025-10-19 15:30:15.461,153.936,<no data>
2025-10-19 15:30:15.623,154.098,<no data>
2025-10-19 15:30:15.782,154.258,<no data>
2025-10-19 15:30:15.944,154.42,<no data>
2025-10-19 15:30:16.106,154.581,<no data>
2025-10-19 15:30:16.265,154.741,<no data>
2025-10-19 15:30:16.425,154.901,<no data>
2025-10-19 15:30:16.587,155.063,<no data>
2025-10-19 15:30:16.750,155.225,<no data>
2025-10-19 15:30:16.911,155.387,<no data>
2025-10-19 15:30:17.074,155.55,<no data>
2025-10-19 15:30:17.234,155.71,<no data>
2025-10-19 15:30:17.397,155.872,<no data>
2025-10-19 15:30:17.558,156.034,<no data>
2025-10-19 15:30:17.716,156.191,<no data>
2025-10-19 15:30:17.882,156.358,<no data>
2025-10-19 15:30:18.045,156.521,<no data>
2025-10-19 15:30:18.206,156.682,<no data>
2025-10-19 15:30:18.366,156.841,<no data>
2025-10-19 15:30:18.526,157.001,<no data>
2025-10-19 15:30:18.686,157.162,<no data>
2025-10-19 15:30:18.852,157.328,<no data>
2025-10-19 15:30:19.015,157.491,<no data>
2025-10-19 15:30:19.176,157.652,<no data>
2025-10-19 15:30:19.334,157.81,<no data>
2025-10-19 15:30:19.497,157.973,<no data>
2025-10-19 15:30:19.658,158.134,<no data>
2025-10-19 15:30:19.818,158.294,<no data>
2025-10-19 15:30:19.983,158.459,<no data>
2025-10-19 15:30:20.146,158.622,<no data>
2025-10-19 15:30:20.308,158.783,<no data>
2025-10-19 15:30:20.466,158.942,<no data>
2025-10-19 15:30:20.626,159.102,<no data>
2025-10-19 15:30:20.787,159.263,<no data>
2025-10-19 15:30:20.950,159.426,<no data>
2025-10-19 15:30:21.115,159.59,<no data>
2025-10-19 15:30:21.275,159.75,<no data>
2025-10-19 15:30:21.434,159.91,<no data>
2025-10-19 15:30:21.598,160.074,<no data>
2025-10-19 15:30:21.759,160.234,<no data>
2025-10-19 15:30:21.920,160.396,<no data>
2025-10-19 15:30:22.082,160.558,<no data>
2025-10-19 15:30:22.245,160.72,<no data>
2025-10-19 15:30:22.406,160.882,<no data>
2025-10-19 15:30:22.567,161.043,<no data>
2025-10-19 15:30:22.727,161.203,<no data>
2025-10-19 15:30:22.886,161.362,<no data>
2025-10-19 15:30:23.050,161.525,<no data>
2025-10-19 15:30:23.214,161.689,<no data>
2025-10-19 15:30:23.374,161.849,<no data>
2025-10-19 15:30:23.534,162.01,<no data>
2025-10-19 15:30:23.699,162.175,<no data>
2025-10-19 15:30:23.860,162.335,<no data>
2025-10-19 15:30:24.021,162.497,<no data>
2025-10-19 15:30:24.183,162.659,<no data>
2025-10-19 15:30:24.345,162.821,<no data>
2025-10-19 15:30:24.507,162.983,<no data>
2025-10-19 15:30:24.667,163.143,<no data>
2025-10-19 15:30:24.827,163.302,<no data>
2025-10-19 15:30:24.987,163.462,<no data>
2025-10-19 15:30:25.148,163.623,<no data>
2025-10-19 15:30:25.314,163.79,<no data>
2025-10-19 15:30:25.475,163.951,<no data>
2025-10-19 15:30:25.635,164.111,<no data>
2025-10-19 15:30:25.801,164.276,<no data>
2025-10-19 15:30:25.962,164.438,<no data>
2025-10-19 15:30:26.125,164.6,<no data>
2025-10-19 15:30:26.284,164.76,<no data>
2025-10-19 15:30:26.444,164.92,<no data>
2025-10-19 15:30:26.606,165.081,<no data>
2025-10-19 15:30:26.770,165.246,<no data>
2025-10-19 15:30:26.928,165.404,<no data>
2025-10-19 15:30:27.090,165.566,<no data>
2025-10-19 15:30:27.250,165.726,<no data>
2025-10-19 15:30:27.415,165.89,<no data>
2025-10-19 15:30:27.576,166.052,<no data>
2025-10-19 15:30:27.736,166.212,<no data>
2025-10-19 15:30:27.899,166.375,<no data>
2025-10-19 15:30:28.062,166.537,<no data>
2025-10-19 15:30:28.221,166.696,<no data>
2025-10-19 15:30:28.384,166.86,<no data>
2025-10-19 15:30:28.546,167.021,<no data>
2025-10-19 15:30:28.708,167.184,<no data>
2025-10-19 15:30:28.869,167.345,<no data>
2025-10-19 15:30:29.029,167.504,<no data>
2025-10-19 15:30:29.192,167.668,<no data>
2025-10-19 15:30:29.352,167.828,<no data>
2025-10-19 15:30:29.515,167.991,<no data>
2025-10-19 15:30:29.678,168.154,<no data>
2025-10-19 15:30:29.840,168.316,<no data>
2025-10-19 15:30:29.999,168.475,<no data>
2025-10-19 15:30:30.160,168.636,<no data>
2025-10-19 15:30:30.323,168.798,<no data>
2025-10-19 15:30:30.484,168.96,<no data>
2025-10-19 15:30:30.647,169.123,<no data>
2025-10-19 15:30:30.809,169.285,<no data>
2025-10-19 15:30:30.969,169.445,<no data>
2025-10-19 15:30:31.131,169.607,<no data>
2025-10-19 15:30:31.293,169.769,<no data>
2025-10-19 15:30:31.453,169.929,<no data>
2025-10-19 15:30:31.616,170.092,<no data>
2025-10-19 15:30:31.779,170.255,<no data>
2025-10-19 15:30:31.942,170.418,<no data>
2025-10-19 15:30:32.100,170.575,<no data>
2025-10-19 15:30:32.262,170.737,<no data>
2025-10-19 15:30:32.424,170.9,<no data>
2025-10-19 15:30:32.586,171.062,<no data>
2025-10-19 15:30:32.747,171.223,<no data>
2025-10-19 15:30:32.909,171.385,<no data>
2025-10-19 15:30:33.069,171.545,<no data>
2025-10-19 15:30:33.231,171.706,<no data>
2025-10-19 15:30:33.394,171.87,<no data>
2025-10-19 15:30:33.556,172.031,<no data>
2025-10-19 15:30:33.717,172.193,<no data>
2025-10-19 15:30:33.879,172.354,<no data>
2025-10-19 15:30:34.040,172.516,<no data>
2025-10-19 15:30:34.201,172.677,<no data>
2025-10-19 15:30:34.364,172.84,<no data>
2025-10-19 15:30:34.528,173.003,<no data>
2025-10-19 15:30:34.689,173.164,<no data>
2025-10-19 15:30:34.848,173.323,<no data>
2025-10-19 15:30:35.010,173.486,<no data>
2025-10-19 15:30:35.171,173.646,<no data>
2025-10-19 15:30:35.332,173.808,<no data>
2025-10-19 15:30:35.495,173.971,<no data>
2025-10-19 15:30:35.657,174.132,<no data>
2025-10-19 15:30:35.817,174.293,<no data>
2025-10-19 15:30:35.979,174.455,<no data>
2025-10-19 15:30:36.140,174.616,<no data>
2025-10-19 15:30:36.309,174.785,<no data>
2025-10-19 15:30:36.463,174.939,<no data>
2025-10-19 15:30:36.625,175.101,<no data>
2025-10-19 15:30:36.785,175.261,<no data>
2025-10-19 15:30:36.948,175.424,<no data>
2025-10-19 15:30:37.111,175.587,<no data>
2025-10-19 15:30:37.270,175.745,<no data>
2025-10-19 15:30:37.434,175.91,<no data>
2025-10-19 15:30:37.596,176.072,<no data>
2025-10-19 15:30:37.757,176.232,<no data>
2025-10-19 15:30:37.918,176.394,<no data>
2025-10-19 15:30:38.079,176.554,<no data>
2025-10-19 15:30:38.238,176.714,<no data>
2025-10-19 15:30:38.400,176.876,<no data>
2025-10-19 15:30:38.565,177.04,<no data>
2025-10-19 15:30:38.727,177.202,<no data>
2025-10-19 15:30:38.888,177.363,<no data>
2025-10-19 15:30:39.049,177.524,<no data>
2025-10-19 15:30:39.209,177.685,<no data>
2025-10-19 15:30:39.370,177.845,<no data>
2025-10-19 15:30:39.534,178.01,<no data>
2025-10-19 15:30:39.694,178.169,<no data>
2025-10-19 15:30:39.855,178.331,<no data>
2025-10-19 15:30:40.014,178.49,<no data>
2025-10-19 15:30:40.181,178.656,<no data>
2025-10-19 15:30:40.342,178.818,<no data>
2025-10-19 15:30:40.503,178.979,<no data>
2025-10-19 15:30:40.664,179.14,<no data>
2025-10-19 15:30:40.826,179.301,<no data>
2025-10-19 15:30:40.988,179.463,<no data>
2025-10-19 15:30:41.150,179.625,<no data>
2025-10-19 15:30:41.310,179.786,<no data>
2025-10-19 15:30:41.471,179.946,<no data>
2025-10-19 15:30:41.634,180.11,<no data>
2025-10-19 15:30:41.796,180.272,<no data>
2025-10-19 15:30:41.959,180.435,<no data>
2025-10-19 15:30:42.120,180.596,<no data>
2025-10-19 15:30:42.281,180.757,<no data>
2025-10-19 15:30:42.445,180.92,<no data>
2025-10-19 15:30:42.606,181.082,<no data>
2025-10-19 15:30:42.766,181.241,<no data>
2025-10-19 15:30:42.929,181.404,<no data>
2025-10-19 15:30:43.091,181.567,<no data>
2025-10-19 15:30:43.250,181.726,<no data>
2025-10-19 15:30:43.411,181.887,<no data>
2025-10-19 15:30:43.571,182.047,<no data>
2025-10-19 15:30:43.734,182.21,<no data>
2025-10-19 15:30:43.896,182.372,<no data>
2025-10-19 15:30:44.059,182.535,<no data>
2025-10-19 15:30:44.220,182.695,<no data>
2025-10-19 15:30:44.382,182.858,<no data>
2025-10-19 15:30:44.544,183.02,<no data>
2025-10-19 15:30:44.707,183.183,<no data>
2025-10-19 15:30:44.867,183.343,<no data>
2025-10-19 15:30:45.028,183.503,<no data>
2025-10-19 15:30:45.190,183.665,<no data>
2025-10-19 15:30:45.349,183.825,<no data>
2025-10-19 15:30:45.510,183.986,<no data>
2025-10-19 15:30:45.672,184.148,<no data>
2025-10-19 15:30:45.841,184.317,<no data>
2025-10-19 15:30:45.996,184.472,<no data>
2025-10-19 15:30:46.158,184.634,<no data>
2025-10-19 15:30:46.318,184.794,<no data>
2025-10-19 15:30:46.481,184.956,<no data>
2025-10-19 15:30:46.643,185.119,<no data>
2025-10-19 15:30:46.805,185.281,<no data>
2025-10-19 15:30:46.966,185.441,<no data>
2025-10-19 15:30:47.127,185.603,<no data>
2025-10-19 15:30:47.288,185.764,<no data>
2025-10-19 15:30:47.451,185.926,<no data>
2025-10-19 15:30:47.612,186.087,<no data>
2025-10-19 15:30:47.773,186.249,<no data>
2025-10-19 15:30:47.933,186.409,<no data>
2025-10-19 15:30:48.098,186.574,<no data>
2025-10-19 15:30:48.261,186.737,<no data>
2025-10-19 15:30:48.423,186.898,<no data>
2025-10-19 15:30:48.580,187.056,<no data>
2025-10-19 15:30:48.741,187.216,<no data>
2025-10-19 15:30:48.901,187.377,<no data>
2025-10-19 15:30:49.067,187.542,<no data>
2025-10-19 15:30:49.227,187.702,<no data>
2025-10-19 15:30:49.389,187.864,<no data>
2025-10-19 15:30:49.545,188.02,<no data>
2025-10-19 15:30:49.713,188.189,<no data>
2025-10-19 15:30:49.874,188.35,<no data>
2025-10-19 15:30:50.035,188.511,<no data>
2025-10-19 15:30:50.198,188.674,<no data>
2025-10-19 15:30:50.360,188.835,<no data>
2025-10-19 15:30:50.521,188.996,<no data>
2025-10-19 15:30:50.682,189.158,<no data>
2025-10-19 15:30:50.843,189.319,<no data>
2025-10-19 15:30:51.003,189.479,<no data>
2025-10-19 15:30:51.167,189.642,<no data>
2025-10-19 15:30:51.329,189.805,<no data>
2025-10-19 15:30:51.492,189.968,<no data>
2025-10-19 15:30:51.654,190.129,<no data>
2025-10-19 15:30:51.814,190.29,<no data>
2025-10-19 15:30:51.993,190.469,<no data>
2025-10-19 15:30:52.153,190.629,<no data>
2025-10-19 15:30:52.315,190.791,<no data>
2025-10-19 15:30:52.478,190.954,<no data>
2025-10-19 15:30:52.639,191.115,<no data>
2025-10-19 15:30:52.800,191.276,<no data>
2025-10-19 15:30:52.963,191.438,<no data>
2025-10-19 15:30:53.126,191.602,<no data>
2025-10-19 15:30:53.284,191.76,<no data>
2025-10-19 15:30:53.446,191.922,<no data>
2025-10-19 15:30:53.607,192.083,<no data>
2025-10-19 15:30:53.767,192.243,<no data>
2025-10-19 15:30:53.932,192.407,<no data>
2025-10-19 15:30:54.093,192.569,<no data>
2025-10-19 15:30:54.254,192.73,<no data>
2025-10-19 15:30:54.415,192.891,<no data>
2025-10-19 15:30:54.577,193.052,<no data>
2025-10-19 15:30:54.739,193.214,<no data>
2025-10-19 15:30:54.900,193.375,<no data>
2025-10-19 15:30:55.062,193.538,<no data>
2025-10-19 15:30:55.224,193.7,<no data>
2025-10-19 15:30:55.388,193.864,<no data>
2025-10-19 15:30:55.546,194.022,<no data>
2025-10-19 15:30:55.708,194.183,<no data>
2025-10-19 15:30:55.869,194.345,<no data>
2025-10-19 15:30:56.032,194.508,<no data>
2025-10-19 15:30:56.194,194.67,<no data>
2025-10-19 15:30:56.355,194.83,<no data>
2025-10-19 15:30:56.516,194.991,<no data>
2025-10-19 15:30:56.677,195.152,<no data>
2025-10-19 15:30:56.837,195.313,<no data>
2025-10-19 15:30:57.000,195.476,<no data>
2025-10-19 15:30:57.162,195.637,<no data>
2025-10-19 15:30:57.324,195.799,<no data>
2025-10-19 15:30:57.484,195.96,<no data>
2025-10-19 15:30:57.648,196.124,<no data>
2025-10-19 15:30:57.808,196.284,<no data>
2025-10-19 15:30:57.969,196.445,<no data>
2025-10-19 15:30:58.132,196.607,<no data>
2025-10-19 15:30:58.292,196.768,<no data>
2025-10-19 15:30:58.453,196.928,<no data>
2025-10-19 15:30:58.619,197.095,<no data>
2025-10-19 15:30:58.780,197.255,<no data>
2025-10-19 15:30:58.942,197.418,<no data>
2025-10-19 15:30:59.098,197.574,<no data>
2025-10-19 15:30:59.262,197.738,<no data>
2025-10-19 15:30:59.424,197.899,<no data>
2025-10-19 15:30:59.584,198.06,<no data>
2025-10-19 15:30:59.744,198.22,<no data>
2025-10-19 15:30:59.904,198.379,<no data>
2025-10-19 15:31:00.064,198.54,<no data>
2025-10-19 15:31:00.231,198.707,<no data>
2025-10-19 15:31:00.392,198.867,<no data>
2025-10-19 15:31:00.551,199.026,<no data>
2025-10-19 15:31:00.717,199.192,<no data>
2025-10-19 15:31:00.878,199.353,<no data>
2025-10-19 15:31:01.039,199.515,<no data>
2025-10-19 15:31:01.199,199.674,<no data>
2025-10-19 15:31:01.363,199.839,<no data>
2025-10-19 15:31:01.523,199.999,<no data>
2025-10-19 15:31:01.681,200.157,<no data>
2025-10-19 15:31:01.845,200.32,<no data>
2025-10-19 15:31:02.004,200.48,<no data>
2025-10-19 15:31:02.162,200.638,<no data>
2025-10-19 15:31:02.330,200.805,<no data>
2025-10-19 15:31:02.487,200.963,<no data>
2025-10-19 15:31:02.647,201.123,<no data>
2025-10-19 15:31:02.803,201.279,<no data>
2025-10-19 15:31:02.962,201.438,<no data>
2025-10-19 15:31:03.124,201.6,<no data>
2025-10-19 15:31:03.286,201.762,<no data>
2025-10-19 15:31:03.462,201.938,<no data>
2025-10-19 15:31:03.624,202.1,<no data>
2025-10-19 15:31:03.785,202.261,<no data>
2025-10-19 15:31:03.948,202.423,<no data>
2025-10-19 15:31:04.109,202.585,<no data>
2025-10-19 15:31:04.270,202.746,<no data>
2025-10-19 15:31:04.433,202.908,<no data>
2025-10-19 15:31:04.592,203.067,<no data>
2025-10-19 15:31:04.754,203.23,<no data>
2025-10-19 15:31:04.917,203.392,<no data>
2025-10-19 15:31:05.079,203.555,<no data>
2025-10-19 15:31:05.242,203.717,<no data>
2025-10-19 15:31:05.403,203.878,<no data>
2025-10-19 15:31:05.563,204.039,<no data>
2025-10-19 15:31:05.726,204.201,<no data>
2025-10-19 15:31:05.887,204.363,<no data>
2025-10-19 15:31:06.048,204.523,<no data>
2025-10-19 15:31:06.208,204.684,<no data>
2025-10-19 15:31:06.368,204.844,<no data>
2025-10-19 15:31:06.533,205.009,<no data>
2025-10-19 15:31:06.694,205.17,<no data>
2025-10-19 15:31:06.856,205.332,<no data>
2025-10-19 15:31:07.014,205.49,<no data>
2025-10-19 15:31:07.177,205.653,<no data>
2025-10-19 15:31:07.336,205.812,<no data>
2025-10-19 15:31:07.495,205.971,<no data>
2025-10-19 15:31:07.662,206.137,<no data>
2025-10-19 15:31:07.821,206.297,<no data>
2025-10-19 15:31:07.980,206.456,<no data>
2025-10-19 15:31:08.133,206.608,<no data>
2025-10-19 15:31:08.296,206.772,<no data>
2025-10-19 15:31:08.457,206.933,<no data>
2025-10-19 15:31:08.619,207.095,<no data>
2025-10-19 15:31:08.778,207.253,<no data>
2025-10-19 15:31:08.939,207.415,<no data>
2025-10-19 15:31:09.100,207.575,<no data>
2025-10-19 15:31:09.265,207.741,<no data>
2025-10-19 15:31:09.427,207.903,<no data>
2025-10-19 15:31:09.588,208.064,<no data>
2025-10-19 15:31:09.750,208.226,<no data>
2025-10-19 15:31:09.912,208.387,<no data>
2025-10-19 15:31:10.073,208.549,<no data>
2025-10-19 15:31:10.233,208.709,<no data>
2025-10-19 15:31:10.397,208.873,<no data>
2025-10-19 15:31:10.558,209.034,<no data>
2025-10-19 15:31:10.719,209.195,<no data>
2025-10-19 15:31:10.881,209.357,<no data>
2025-10-19 15:31:11.043,209.518,<no data>
2025-10-19 15:31:11.203,209.679,<no data>
2025-10-19 15:31:11.366,209.841,<no data>
2025-10-19 15:31:11.528,210.003,<no data>
2025-10-19 15:31:11.687,210.163,<no data>
2025-10-19 15:31:11.847,210.323,<no data>
2025-10-19 15:31:12.013,210.489,<no data>
2025-10-19 15:31:12.173,210.649,<no data>
2025-10-19 15:31:12.339,210.815,<no data>
2025-10-19 15:31:12.495,210.97,<no data>
2025-10-19 15:31:12.656,211.131,<no data>
2025-10-19 15:31:12.816,211.292,<no data>
2025-10-19 15:31:12.981,211.457,<no data>
2025-10-19 15:31:13.144,211.62,<no data>
2025-10-19 15:31:13.306,211.781,<no data>
2025-10-19 15:31:13.466,211.942,<no data>
2025-10-19 15:31:13.629,212.105,<no data>
2025-10-19 15:31:13.792,212.267,<no data>
2025-10-19 15:31:13.950,212.426,<no data>
2025-10-19 15:31:14.111,212.587,<no data>
2025-10-19 15:31:14.271,212.747,<no data>
2025-10-19 15:31:14.432,212.907,<no data>
2025-10-19 15:31:14.598,213.074,<no data>
2025-10-19 15:31:14.759,213.234,<no data>
2025-10-19 15:31:14.920,213.395,<no data>
2025-10-19 15:31:15.082,213.557,<no data>
2025-10-19 15:31:15.243,213.719,<no data>
2025-10-19 15:31:15.405,213.881,<no data>
2025-10-19 15:31:15.567,214.043,<no data>
2025-10-19 15:31:15.729,214.205,<no data>
2025-10-19 15:31:15.892,214.368,<no data>
2025-10-19 15:31:16.056,214.532,<no data>
2025-10-19 15:31:16.213,214.689,<no data>
2025-10-19 15:31:16.374,214.85,<no data>
2025-10-19 15:31:16.534,215.01,<no data>
2025-10-19 15:31:16.698,215.173,<no data>
2025-10-19 15:31:16.859,215.335,<no data>
2025-10-19 15:31:17.022,215.498,<no data>
2025-10-19 15:31:17.183,215.659,<no data>
2025-10-19 15:31:17.344,215.82,<no data>
2025-10-19 15:31:17.507,215.982,<no data>
2025-10-19 15:31:17.664,216.14,<no data>
2025-10-19 15:31:17.827,216.303,<no data>
2025-10-19 15:31:17.989,216.465,<no data>
2025-10-19 15:31:18.150,216.626,<no data>
2025-10-19 15:31:18.312,216.788,<no data>
2025-10-19 15:31:18.473,216.948,<no data>
2025-10-19 15:31:18.634,217.11,<no data>
2025-10-19 15:31:18.800,217.276,<no data>
2025-10-19 15:31:18.964,217.439,<no data>
2025-10-19 15:31:19.117,217.593,<no data>
2025-10-19 15:31:19.271,217.747,<no data>
2025-10-19 15:31:19.432,217.908,<no data>
2025-10-19 15:31:19.598,218.074,<no data>
2025-10-19 15:31:19.767,218.243,<no data>
2025-10-19 15:31:19.930,218.406,<no data>
2025-10-19 15:31:20.092,218.568,<no data>
